Day Since 25 Cases,"Guam, US","Puerto Rico, US","Virgin Islands, US","Baldwin, Alabama, US","Calhoun, Alabama, US","Chambers, Alabama, US","Etowah, Alabama, US","Jefferson, Alabama, US","Lee, Alabama, US","Limestone, Alabama, US","Madison, Alabama, US","Marshall, Alabama, US","Mobile, Alabama, US","Montgomery, Alabama, US","Morgan, Alabama, US","St. Clair, Alabama, US","Shelby, Alabama, US","Tallapoosa, Alabama, US","Tuscaloosa, Alabama, US","Walker, Alabama, US","Anchorage,Alaska,US","Fairbanks North Star,Alaska,US","Apache, Arizona, US","Coconino, Arizona, US","Maricopa, Arizona, US","Navajo, Arizona, US","Pima, Arizona, US","Pinal, Arizona, US","Yavapai, Arizona, US","Benton, Arkansas, US","Clark, Arkansas, US","Cleburne, Arkansas, US","Crittenden, Arkansas, US","Faulkner, Arkansas, US","Garland, Arkansas, US","Jefferson, Arkansas, US","Pulaski, Arkansas, US","St. Francis, Arkansas, US","Saline, Arkansas, US","Washington, Arkansas, US","White, Arkansas, US","Alameda, California, US","Contra Costa, California, US","Fresno, California, US","Humboldt, California, US","Imperial, California, US","Kern, California, US","Los Angeles, California, US","Madera, California, US","Marin, California, US","Merced, California, US","Monterey, California, US","Nevada, California, US","Orange, California, US","Placer, California, US","Riverside, California, US","Sacramento, California, US","San Bernardino, California, US","San Diego, California, US","San Francisco, California, US","San Joaquin, California, US","San Luis Obispo, California, US","San Mateo, California, US","Santa Barbara, California, US","Santa Clara, California, US","Santa Cruz, California, US","Solano, California, US","Sonoma, California, US","Stanislaus, California, US","Tulare, California, US","Ventura, California, US","Yolo, California, US","Adams, Colorado, US","Arapahoe, Colorado, US","Boulder, Colorado, US","Broomfield, Colorado, US","Denver, Colorado, US","Douglas, Colorado, US","Eagle, Colorado, US","El Paso, Colorado, US","Garfield, Colorado, US","Gunnison, Colorado, US","Jefferson, Colorado, US","La Plata, Colorado, US","Larimer, Colorado, US","Mesa, Colorado, US","Montrose, Colorado, US","Pitkin, Colorado, US","Pueblo, Colorado, US","Routt, Colorado, US","Summit, Colorado, US","Weld, Colorado, US","Fairfield, Connecticut, US","Hartford, Connecticut, US","Litchfield, Connecticut, US","Middlesex, Connecticut, US","New Haven, Connecticut, US","New London, Connecticut, US","Tolland, Connecticut, US","Windham, Connecticut, US","Kent, Delaware, US","New Castle, Delaware, US","Sussex, Delaware, US","District of Columbia,District of Columbia,US","Alachua, Florida, US","Brevard, Florida, US","Broward, Florida, US","Charlotte, Florida, US","Citrus, Florida, US","Clay, Florida, US","Collier, Florida, US","Duval, Florida, US","Escambia, Florida, US","Flagler, Florida, US","Hernando, Florida, US","Highlands, Florida, US","Hillsborough, Florida, US","Indian River, Florida, US","Lake, Florida, US","Lee, Florida, US","Leon, Florida, US","Manatee, Florida, US","Marion, Florida, US","Martin, Florida, US","Miami-Dade, Florida, US","Monroe, Florida, US","Nassau, Florida, US","Okaloosa, Florida, US","Orange, Florida, US","Osceola, Florida, US","Palm Beach, Florida, US","Pasco, Florida, US","Pinellas, Florida, US","Polk, Florida, US","St. Johns, Florida, US","St. Lucie, Florida, US","Santa Rosa, Florida, US","Sarasota, Florida, US","Seminole, Florida, US","Sumter, Florida, US","Suwannee, Florida, US","Volusia, Florida, US","Walton, Florida, US","Baldwin, Georgia, US","Barrow, Georgia, US","Bartow, Georgia, US","Bibb, Georgia, US","Bryan, Georgia, US","Calhoun, Georgia, US","Carroll, Georgia, US","Chatham, Georgia, US","Cherokee, Georgia, US","Clarke, Georgia, US","Clayton, Georgia, US","Cobb, Georgia, US","Coffee, Georgia, US","Colquitt, Georgia, US","Columbia, Georgia, US","Coweta, Georgia, US","Crisp, Georgia, US","DeKalb, Georgia, US","Dooly, Georgia, US","Dougherty, Georgia, US","Douglas, Georgia, US","Early, Georgia, US","Fayette, Georgia, US","Floyd, Georgia, US","Forsyth, Georgia, US","Fulton, Georgia, US","Glynn, Georgia, US","Gwinnett, Georgia, US","Hall, Georgia, US","Henry, Georgia, US","Houston, Georgia, US","Lee, Georgia, US","Lowndes, Georgia, US","Mitchell, Georgia, US","Muscogee, Georgia, US","Newton, Georgia, US","Oconee, Georgia, US","Paulding, Georgia, US","Pierce, Georgia, US","Randolph, Georgia, US","Richmond, Georgia, US","Rockdale, Georgia, US","Spalding, Georgia, US","Sumter, Georgia, US","Terrell, Georgia, US","Thomas, Georgia, US","Tift, Georgia, US","Troup, Georgia, US","Upson, Georgia, US","Ware, Georgia, US","Worth, Georgia, US","Honolulu, Hawaii, US","Maui, Hawaii, US","Ada, Idaho, US","Blaine, Idaho, US","Canyon, Idaho, US","Kootenai, Idaho, US","Twin Falls, Idaho, US","Champaign, Illinois, US","Cook, Illinois, US","DuPage, Illinois, US","Kane, Illinois, US","Kankakee, Illinois, US","Kendall, Illinois, US","Lake, Illinois, US","McHenry, Illinois, US","McLean, Illinois, US","Madison, Illinois, US","Randolph, Illinois, US","Rock Island, Illinois, US","St. Clair, Illinois, US","Sangamon, Illinois, US","Will, Illinois, US","Winnebago, Illinois, US","Allen, Indiana, US","Bartholomew, Indiana, US","Boone, Indiana, US","Clark, Indiana, US","Dearborn, Indiana, US","Decatur, Indiana, US","Delaware, Indiana, US","Elkhart, Indiana, US","Floyd, Indiana, US","Franklin, Indiana, US","Hamilton, Indiana, US","Hancock, Indiana, US","Harrison, Indiana, US","Hendricks, Indiana, US","Howard, Indiana, US","Jackson, Indiana, US","Jennings, Indiana, US","Johnson, Indiana, US","Lake, Indiana, US","Lawrence, Indiana, US","Madison, Indiana, US","Marion, Indiana, US","Monroe, Indiana, US","Morgan, Indiana, US","Porter, Indiana, US","Ripley, Indiana, US","St. Joseph, Indiana, US","Shelby, Indiana, US","Tippecanoe, Indiana, US","Vanderburgh, Indiana, US","Dallas, Iowa, US","Dubuque, Iowa, US","Johnson, Iowa, US","Linn, Iowa, US","Muscatine, Iowa, US","Polk, Iowa, US","Scott, Iowa, US","Tama, Iowa, US","Washington, Iowa, US","Coffey, Kansas, US","Douglas, Kansas, US","Johnson, Kansas, US","Leavenworth, Kansas, US","Sedgwick, Kansas, US","Shawnee, Kansas, US","Wyandotte, Kansas, US","Christian, Kentucky, US","Daviess, Kentucky, US","Fayette, Kentucky, US","Hopkins, Kentucky, US","Jefferson, Kentucky, US","Kenton, Kentucky, US","Muhlenberg, Kentucky, US","Acadia, Louisiana, US","Allen, Louisiana, US","Ascension, Louisiana, US","Assumption, Louisiana, US","Avoyelles, Louisiana, US","Bossier, Louisiana, US","Caddo, Louisiana, US","Calcasieu, Louisiana, US","Claiborne, Louisiana, US","De Soto, Louisiana, US","East Baton Rouge, Louisiana, US","East Feliciana, Louisiana, US","Franklin, Louisiana, US","Iberia, Louisiana, US","Iberville, Louisiana, US","Jefferson, Louisiana, US","Lafayette, Louisiana, US","Lafourche, Louisiana, US","Livingston, Louisiana, US","Orleans, Louisiana, US","Ouachita, Louisiana, US","Plaquemines, Louisiana, US","Pointe Coupee, Louisiana, US","Rapides, Louisiana, US","St. Bernard, Louisiana, US","St. Charles, Louisiana, US","St. James, Louisiana, US","St. John the Baptist, Louisiana, US","St. Landry, Louisiana, US","St. Martin, Louisiana, US","St. Mary, Louisiana, US","St. Tammany, Louisiana, US","Tangipahoa, Louisiana, US","Terrebonne, Louisiana, US","Union, Louisiana, US","Washington, Louisiana, US","Webster, Louisiana, US","West Baton Rouge, Louisiana, US","West Feliciana, Louisiana, US","Cumberland, Maine, US","Kennebec, Maine, US","Penobscot, Maine, US","York, Maine, US","Anne Arundel, Maryland, US","Baltimore, Maryland, US","Calvert, Maryland, US","Carroll, Maryland, US","Cecil, Maryland, US","Charles, Maryland, US","Frederick, Maryland, US","Harford, Maryland, US","Howard, Maryland, US","Montgomery, Maryland, US","Prince George's, Maryland, US","St. Mary's, Maryland, US","Washington, Maryland, US","Baltimore City, Maryland, US","Barnstable, Massachusetts, US","Berkshire, Massachusetts, US","Bristol, Massachusetts, US","Essex, Massachusetts, US","Franklin, Massachusetts, US","Hampden, Massachusetts, US","Hampshire, Massachusetts, US","Middlesex, Massachusetts, US","Norfolk, Massachusetts, US","Plymouth, Massachusetts, US","Suffolk, Massachusetts, US","Worcester, Massachusetts, US","Bay, Michigan, US","Berrien, Michigan, US","Calhoun, Michigan, US","Clinton, Michigan, US","Eaton, Michigan, US","Genesee, Michigan, US","Hillsdale, Michigan, US","Ingham, Michigan, US","Jackson, Michigan, US","Kalamazoo, Michigan, US","Kent, Michigan, US","Lapeer, Michigan, US","Lenawee, Michigan, US","Livingston, Michigan, US","Macomb, Michigan, US","Monroe, Michigan, US","Muskegon, Michigan, US","Oakland, Michigan, US","Otsego, Michigan, US","Ottawa, Michigan, US","Saginaw, Michigan, US","St. Clair, Michigan, US","Tuscola, Michigan, US","Washtenaw, Michigan, US","Wayne, Michigan, US","Anoka, Minnesota, US","Dakota, Minnesota, US","Hennepin, Minnesota, US","Martin, Minnesota, US","Olmsted, Minnesota, US","Ramsey, Minnesota, US","Washington, Minnesota, US","Bolivar, Mississippi, US","Coahoma, Mississippi, US","DeSoto, Mississippi, US","Forrest, Mississippi, US","Hancock, Mississippi, US","Harrison, Mississippi, US","Hinds, Mississippi, US","Jackson, Mississippi, US","Lauderdale, Mississippi, US","Lee, Mississippi, US","Leflore, Mississippi, US","Madison, Mississippi, US","Oktibbeha, Mississippi, US","Pearl River, Mississippi, US","Pike, Mississippi, US","Rankin, Mississippi, US","Scott, Mississippi, US","Tippah, Mississippi, US","Washington, Mississippi, US","Wilkinson, Mississippi, US","Yazoo, Mississippi, US","Boone, Missouri, US","Cass, Missouri, US","Clay, Missouri, US","Cole, Missouri, US","Franklin, Missouri, US","Greene, Missouri, US","Jackson, Missouri, US","Jefferson, Missouri, US","Johnson, Missouri, US","Lafayette, Missouri, US","Perry, Missouri, US","St. Charles, Missouri, US","St. Louis, Missouri, US","St. Louis City, Missouri, US","Flathead, Montana, US","Gallatin, Montana, US","Yellowstone, Montana, US","Douglas, Nebraska, US","Hall, Nebraska, US","Lancaster, Nebraska, US","Sarpy, Nebraska, US","Clark, Nevada, US","Washoe, Nevada, US","Grafton, New Hampshire, US","Hillsborough, New Hampshire, US","Merrimack, New Hampshire, US","Rockingham, New Hampshire, US","Strafford, New Hampshire, US","Atlantic, New Jersey, US","Bergen, New Jersey, US","Burlington, New Jersey, US","Camden, New Jersey, US","Cape May, New Jersey, US","Cumberland, New Jersey, US","Essex, New Jersey, US","Gloucester, New Jersey, US","Hudson, New Jersey, US","Hunterdon, New Jersey, US","Mercer, New Jersey, US","Middlesex, New Jersey, US","Monmouth, New Jersey, US","Morris, New Jersey, US","Ocean, New Jersey, US","Passaic, New Jersey, US","Salem, New Jersey, US","Somerset, New Jersey, US","Sussex, New Jersey, US","Union, New Jersey, US","Warren, New Jersey, US","Bernalillo, New Mexico, US","Dona Ana, New Mexico, US","McKinley, New Mexico, US","Sandoval, New Mexico, US","San Juan, New Mexico, US","Santa Fe, New Mexico, US","Albany, New York, US","Broome, New York, US","Chemung, New York, US","Chenango, New York, US","Clinton, New York, US","Columbia, New York, US","Delaware, New York, US","Dutchess, New York, US","Erie, New York, US","Genesee, New York, US","Herkimer, New York, US","Jefferson, New York, US","Madison, New York, US","Monroe, New York, US","Nassau, New York, US","New York City, New York, US","Niagara, New York, US","Oneida, New York, US","Onondaga, New York, US","Ontario, New York, US","Orange, New York, US","Oswego, New York, US","Otsego, New York, US","Putnam, New York, US","Rensselaer, New York, US","Rockland, New York, US","St. Lawrence, New York, US","Saratoga, New York, US","Schenectady, New York, US","Steuben, New York, US","Suffolk, New York, US","Sullivan, New York, US","Tompkins, New York, US","Ulster, New York, US","Warren, New York, US","Wayne, New York, US","Westchester, New York, US","Brunswick, North Carolina, US","Buncombe, North Carolina, US","Burke, North Carolina, US","Cabarrus, North Carolina, US","Catawba, North Carolina, US","Cumberland, North Carolina, US","Davidson, North Carolina, US","Durham, North Carolina, US","Forsyth, North Carolina, US","Gaston, North Carolina, US","Granville, North Carolina, US","Guilford, North Carolina, US","Harnett, North Carolina, US","Henderson, North Carolina, US","Iredell, North Carolina, US","Johnston, North Carolina, US","Mecklenburg, North Carolina, US","New Hanover, North Carolina, US","Northampton, North Carolina, US","Orange, North Carolina, US","Pitt, North Carolina, US","Randolph, North Carolina, US","Rowan, North Carolina, US","Union, North Carolina, US","Wake, North Carolina, US","Wayne, North Carolina, US","Wilson, North Carolina, US","Burleigh, North Dakota, US","Cass, North Dakota, US","Butler, Ohio, US","Clermont, Ohio, US","Columbiana, Ohio, US","Cuyahoga, Ohio, US","Darke, Ohio, US","Delaware, Ohio, US","Fairfield, Ohio, US","Franklin, Ohio, US","Geauga, Ohio, US","Hamilton, Ohio, US","Lake, Ohio, US","Licking, Ohio, US","Lorain, Ohio, US","Lucas, Ohio, US","Mahoning, Ohio, US","Marion, Ohio, US","Medina, Ohio, US","Miami, Ohio, US","Montgomery, Ohio, US","Pickaway, Ohio, US","Portage, Ohio, US","Stark, Ohio, US","Summit, Ohio, US","Trumbull, Ohio, US","Warren, Ohio, US","Washington, Ohio, US","Wayne, Ohio, US","Wood, Ohio, US","Canadian, Oklahoma, US","Cleveland, Oklahoma, US","Comanche, Oklahoma, US","Creek, Oklahoma, US","Greer, Oklahoma, US","Kay, Oklahoma, US","Oklahoma, Oklahoma, US","Osage, Oklahoma, US","Tulsa, Oklahoma, US","Wagoner, Oklahoma, US","Washington, Oklahoma, US","Clackamas, Oregon, US","Deschutes, Oregon, US","Jackson, Oregon, US","Lane, Oregon, US","Linn, Oregon, US","Marion, Oregon, US","Multnomah, Oregon, US","Polk, Oregon, US","Washington, Oregon, US","Yamhill, Oregon, US","Adams, Pennsylvania, US","Allegheny, Pennsylvania, US","Beaver, Pennsylvania, US","Berks, Pennsylvania, US","Bucks, Pennsylvania, US","Butler, Pennsylvania, US","Carbon, Pennsylvania, US","Centre, Pennsylvania, US","Chester, Pennsylvania, US","Columbia, Pennsylvania, US","Cumberland, Pennsylvania, US","Dauphin, Pennsylvania, US","Delaware, Pennsylvania, US","Erie, Pennsylvania, US","Fayette, Pennsylvania, US","Franklin, Pennsylvania, US","Lackawanna, Pennsylvania, US","Lancaster, Pennsylvania, US","Lawrence, Pennsylvania, US","Lebanon, Pennsylvania, US","Lehigh, Pennsylvania, US","Luzerne, Pennsylvania, US","Mercer, Pennsylvania, US","Monroe, Pennsylvania, US","Montgomery, Pennsylvania, US","Montour, Pennsylvania, US","Northampton, Pennsylvania, US","Philadelphia, Pennsylvania, US","Pike, Pennsylvania, US","Schuylkill, Pennsylvania, US","Washington, Pennsylvania, US","Wayne, Pennsylvania, US","Westmoreland, Pennsylvania, US","York, Pennsylvania, US","Bristol, Rhode Island, US","Kent, Rhode Island, US","Newport, Rhode Island, US","Providence, Rhode Island, US","Washington, Rhode Island, US","Aiken, South Carolina, US","Anderson, South Carolina, US","Beaufort, South Carolina, US","Berkeley, South Carolina, US","Charleston, South Carolina, US","Clarendon, South Carolina, US","Darlington, South Carolina, US","Dorchester, South Carolina, US","Florence, South Carolina, US","Greenville, South Carolina, US","Horry, South Carolina, US","Kershaw, South Carolina, US","Lancaster, South Carolina, US","Lexington, South Carolina, US","Orangeburg, South Carolina, US","Richland, South Carolina, US","Spartanburg, South Carolina, US","Sumter, South Carolina, US","York, South Carolina, US","Lincoln, South Dakota, US","Minnehaha, South Dakota, US","Blount, Tennessee, US","Cumberland, Tennessee, US","Davidson, Tennessee, US","Dickson, Tennessee, US","Hamilton, Tennessee, US","Knox, Tennessee, US","Madison, Tennessee, US","Maury, Tennessee, US","Montgomery, Tennessee, US","Putnam, Tennessee, US","Robertson, Tennessee, US","Rutherford, Tennessee, US","Shelby, Tennessee, US","Sullivan, Tennessee, US","Sumner, Tennessee, US","Tipton, Tennessee, US","Washington, Tennessee, US","Williamson, Tennessee, US","Wilson, Tennessee, US","Bell, Texas, US","Bexar, Texas, US","Brazoria, Texas, US","Brazos, Texas, US","Cameron, Texas, US","Collin, Texas, US","Comal, Texas, US","Dallas, Texas, US","Denton, Texas, US","Ector, Texas, US","Ellis, Texas, US","El Paso, Texas, US","Fort Bend, Texas, US","Galveston, Texas, US","Guadalupe, Texas, US","Hardin, Texas, US","Harris, Texas, US","Hays, Texas, US","Hidalgo, Texas, US","Jefferson, Texas, US","Lubbock, Texas, US","McLennan, Texas, US","Matagorda, Texas, US","Midland, Texas, US","Montgomery, Texas, US","Nueces, Texas, US","Orange, Texas, US","Potter, Texas, US","Randall, Texas, US","Smith, Texas, US","Tarrant, Texas, US","Taylor, Texas, US","Travis, Texas, US","Victoria, Texas, US","Webb, Texas, US","Wichita, Texas, US","Williamson, Texas, US","Davis, Utah, US","Salt Lake, Utah, US","Summit, Utah, US","Utah, Utah, US","Wasatch, Utah, US","Washington,Utah,US","Weber,Utah,US","Addison, Vermont, US","Bennington, Vermont, US","Chittenden, Vermont, US","Franklin, Vermont, US","Rutland, Vermont, US","Windham, Vermont, US","Albemarle, Virginia, US","Arlington, Virginia, US","Chesterfield, Virginia, US","Fairfax, Virginia, US","Frederick, Virginia, US","Henrico, Virginia, US","James City, Virginia, US","Loudoun, Virginia, US","Prince William, Virginia, US","Spotsylvania, Virginia, US","Stafford, Virginia, US","Alexandria, Virginia, US","Chesapeake, Virginia, US","Hampton, Virginia, US","Harrisonburg, Virginia, US","Newport News, Virginia, US","Norfolk, Virginia, US","Portsmouth, Virginia, US","Richmond City, Virginia, US","Suffolk, Virginia, US","Virginia Beach, Virginia, US","Adams, Washington, US","Benton, Washington, US","Chelan, Washington, US","Clark, Washington, US","Franklin, Washington, US","Grant, Washington, US","Island, Washington, US","Jefferson, Washington, US","King, Washington, US","Kitsap, Washington, US","Pierce, Washington, US","Skagit, Washington, US","Snohomish, Washington, US","Spokane, Washington, US","Thurston, Washington, US","Whatcom, Washington, US","Yakima, Washington, US","Berkeley, West Virginia, US","Jefferson, West Virginia, US","Kanawha, West Virginia, US","Monongalia, West Virginia, US","Brown, Wisconsin, US","Dane, Wisconsin, US","Fond du Lac, Wisconsin, US","Kenosha, Wisconsin, US","Milwaukee, Wisconsin, US","Ozaukee, Wisconsin, US","Racine, Wisconsin, US","Rock, Wisconsin, US","Sheboygan, Wisconsin, US","Washington, Wisconsin, US","Waukesha, Wisconsin, US","Fremont, Wyoming, US","Laramie, Wyoming, US","Natrona, Wyoming, US","Teton, Wyoming, US","Kansas City,Missouri,US","Out of MI, Michigan, US","Out of TN, Tennessee, US","Diamond Princess, US","Unassigned, Arkansas, US","Unassigned, California, US","Unassigned, Colorado, US","Unassigned, Connecticut, US","Unassigned, Georgia, US","Unassigned, Illinois, US","Unassigned, Indiana, US","Unassigned, Kentucky, US","Unassigned, Louisiana, US","Unassigned, Massachusetts, US","Unassigned, Michigan, US","Unassigned, Mississippi, US","Unassigned, Nevada, US","Unassigned, New Hampshire, US","Unassigned, New Jersey, US","Unassigned, New York, US","Unassigned, Rhode Island, US","Unassigned, Tennessee, US","Unassigned, Texas, US","Unassigned, Vermont, US","Unassigned, Washington, US","Unassigned, Wisconsin, US","Grand Princess, US"
0,27,31,30,28,34,27,26,34,26,30,35,33,29,29,27,26,27,29,29,28,28,28,33,28,34,32,42,35,34,28,26,27,29,27,26,26,61,27,27,28,27,27,29,27,27,33,29,27,28,38,27,32,26,29,30,28,29,31,55,28,31,27,32,26,32,32,31,29,29,29,30,28,27,29,30,30,38,27,34,27,33,28,37,29,32,27,26,27,26,28,34,37,29,29,33,28,29,27,27,27,27,27,26,31,35,26,36,38,27,30,28,39,28,28,34,26,32,33,29,26,26,26,28,26,40,27,26,27,29,26,29,28,29,26,26,29,30,26,29,29,32,29,26,26,27,26,32,26,28,26,26,28,32,32,28,38,34,27,28,28,36,28,44,27,28,26,27,33,27,27,27,31,40,29,30,28,31,30,31,32,30,28,81,40,36,26,33,40,26,28,26,28,37,29,28,26,39,35,40,26,31,26,27,26,38,27,27,37,45,32,29,27,29,31,29,28,28,26,45,29,27,30,26,30,27,34,26,30,28,28,28,27,28,31,36,31,36,29,46,26,32,27,31,27,26,26,33,27,28,27,36,27,28,31,29,34,29,31,28,27,33,26,27,30,33,28,27,33,33,27,39,26,26,31,31,32,34,28,30,28,43,27,28,36,28,35,30,28,33,26,34,37,26,26,28,30,29,27,31,32,26,47,33,26,26,28,42,40,30,35,26,31,27,31,28,30,82,33,28,26,34,26,31,31,27,27,31,30,26,31,29,39,45,30,41,28,32,26,37,30,29,31,33,27,34,26,26,37,30,28,27,27,31,55,28,26,59,26,28,36,32,26,29,44,26,28,28,29,29,26,27,27,26,29,27,28,31,31,33,35,26,26,29,27,27,26,29,32,26,29,30,31,37,26,32,28,33,31,31,30,26,26,28,32,69,44,31,38,26,34,26,32,26,35,44,26,30,27,28,28,29,61,26,33,34,27,32,33,34,39,30,40,32,26,33,38,26,28,27,26,31,32,29,29,29,32,29,36,29,35,26,30,27,26,31,28,33,27,26,28,30,28,55,33,26,34,26,32,28,26,31,33,31,34,35,32,38,28,39,32,35,26,27,57,26,31,28,31,27,27,41,27,33,27,37,31,31,50,36,32,30,27,26,29,27,26,31,27,32,32,28,28,32,27,27,26,31,28,26,28,34,33,26,27,30,30,35,28,28,32,32,31,29,27,29,28,27,26,27,26,29,28,27,27,27,26,29,26,27,27,30,28,31,27,27,27,26,30,33,26,31,26,28,28,28,36,28,26,26,26,40,26,36,35,33,27,27,26,28,33,29,27,27,27,26,31,30,37,33,34,27,30,26,28,30,30,27,27,33,33,28,27,29,26,33,31,28,27,27,26,31,28,29,26,30,26,27,30,30,31,27,28,28,26,42,27,26,26,43,26,27,31,28,27,42,26,34,28,27,30,27,28,29,28,28,26,27,27,28,30,26,26,28,29,40,26,26,30,38,27,27,29,28,27,27,31,34,26,40,34,27,29,27,41,27,30,28,27,29,29,28,26,28,26,29,26,27,32,27,27,31,26,26,43,31,27,28,32,28,32,26,28,26,31,29,27,29,27,26,26,28,26,26,42,29,48,37,27,38,27,31,33,26,28,27,29,27,48,47,27,31,31,29,29,27,28,29,47,30,26,28,30,27,30,26,29,26,26,43,42,89,47,58,43,57,176,28,167,56,39,48,53,47,42,36,56,108,449,31,43,43,28,36,61,30
1,29,39,30,29,41,33,35,50,40,31,43,39,40,35,29,31,42,30,30,30,30,30,35,41,49,37,49,36,35,31,27,32,32,29,31,33,64,,29,29,,30,29,31,28,38,33,32,28,38,29,36,26,53,30,28,29,38,55,28,31,27,32,32,38,34,34,29,31,35,35,33,50,40,37,36,43,33,39,37,33,28,43,32,34,,32,27,31,29,34,50,48,29,44,38,41,29,33,31,34,32,27,40,36,28,36,43,28,35,33,50,30,29,38,30,47,33,35,30,28,28,33,27,76,27,,31,33,35,42,34,38,34,33,38,44,27,37,33,32,39,,,40,54,36,,,27,36,31,35,46,37,,46,32,41,43,41,,47,35,34,32,27,47,33,29,34,32,50,35,35,35,38,33,32,,32,,,41,45,41,37,46,26,30,32,,,28,28,36,54,36,48,26,32,33,40,45,38,33,36,37,47,35,31,27,40,36,31,40,36,28,54,32,33,33,30,33,29,37,28,40,26,33,36,27,36,35,42,47,39,38,82,30,41,35,33,31,32,28,35,31,,32,42,33,40,38,30,36,32,31,32,31,42,27,34,30,27,28,27,33,33,,47,34,36,33,34,37,40,35,30,30,58,39,28,49,35,40,44,30,40,53,41,47,,37,31,31,40,38,45,41,42,52,42,29,33,39,49,40,31,41,,,33,41,35,33,82,36,33,33,37,30,33,36,30,29,41,40,37,67,41,41,55,37,49,28,64,27,42,30,32,34,43,37,46,37,32,47,34,31,45,31,41,86,34,30,105,28,31,51,41,,35,67,30,33,32,29,34,27,34,32,27,36,26,30,34,38,34,39,28,,37,27,27,28,31,,28,31,30,32,37,25,32,28,35,41,41,38,26,26,28,37,100,69,,39,26,34,40,34,28,42,50,28,31,27,28,28,31,84,36,51,44,31,45,40,55,52,40,64,43,35,49,49,29,34,49,29,38,32,30,46,29,47,34,43,35,36,28,31,30,27,36,47,,,33,29,36,41,95,38,34,45,28,51,28,29,31,33,53,39,35,32,43,33,53,48,65,31,30,83,26,31,39,32,,35,41,35,35,31,76,34,32,51,36,33,43,34,30,30,27,29,37,34,32,,28,28,34,30,22,36,38,28,31,32,44,41,38,30,35,37,48,42,,37,38,37,29,32,44,36,36,31,,26,34,29,39,33,36,31,30,29,31,41,40,33,36,32,27,27,28,32,45,,42,26,,31,44,65,34,41,34,27,40,42,38,36,43,29,29,27,35,45,,28,38,36,,43,34,37,44,44,33,38,33,33,41,37,,27,33,44,25,27,31,26,42,36,31,29,35,29,39,31,36,31,35,27,29,37,34,36,,31,32,26,58,,30,31,,,37,37,35,39,66,,34,31,,35,27,28,29,28,31,26,27,,39,30,26,27,28,29,40,28,26,55,42,28,31,31,33,32,,41,34,,40,36,27,42,31,58,32,35,30,34,31,44,32,30,36,31,37,32,,40,29,28,35,27,34,59,43,31,31,34,43,36,29,27,30,39,39,27,33,33,26,33,30,29,27,42,29,76,33,33,64,,51,33,26,33,31,33,33,48,61,37,,37,31,39,32,30,30,62,33,28,34,,31,31,27,36,,29,64,48,95,47,96,42,20,77,37,3,0,15,7,85,77,0,89,0,92,0,33,0,0,11,65,0,28
2,32,51,30,29,,36,41,61,47,31,47,,44,45,30,30,52,33,34,30,43,35,39,56,81,43,75,41,43,35,27,40,37,30,32,42,78,,33,29,,38,34,43,37,43,47,40,28,38,29,36,30,65,30,29,33,54,60,40,41,42,41,47,38,41,34,34,33,43,39,37,50,45,39,50,43,48,39,51,34,40,51,34,34,,34,30,40,29,40,50,69,54,52,50,89,29,33,32,41,39,37,71,37,31,48,46,34,41,39,50,42,31,40,35,58,41,38,32,35,30,38,28,101,38,,35,48,42,56,38,41,39,36,40,44,34,49,43,,44,,,,56,40,,,50,44,38,35,57,47,,50,33,42,46,53,,52,37,41,45,28,48,49,29,45,34,55,47,37,37,39,36,36,,33,,,41,54,50,45,46,28,34,34,,,28,41,38,76,40,53,29,33,43,50,54,75,33,37,63,52,40,47,,47,43,31,40,42,30,54,38,38,38,40,37,31,41,35,52,33,33,48,32,37,35,52,68,39,46,82,33,48,45,39,32,37,29,37,33,,35,71,41,50,41,35,43,,31,36,33,49,32,43,32,27,28,33,35,33,,61,39,65,56,37,45,93,42,,39,75,39,,67,36,62,48,34,64,66,44,68,,41,43,36,48,41,56,58,47,67,55,34,,50,51,45,,53,,,38,63,42,39,92,37,40,35,41,35,51,40,34,34,53,51,71,90,60,49,90,46,60,36,101,27,73,31,35,42,49,47,63,44,43,56,40,36,49,32,59,101,38,31,184,,31,71,53,,42,102,34,39,45,32,37,32,39,34,28,49,30,31,38,43,34,46,30,,37,29,30,31,35,,29,31,32,32,49,,37,31,,46,43,47,29,28,,43,129,72,,46,31,39,44,,28,42,57,29,43,33,38,35,40,114,42,61,50,36,63,51,66,61,50,76,53,64,62,67,31,51,65,43,51,38,35,46,32,52,34,70,38,38,32,33,30,29,49,50,,,39,42,46,51,154,41,34,53,31,84,32,29,31,44,101,43,35,32,46,41,64,56,78,,30,98,,31,,38,,42,51,39,40,33,76,39,,51,42,37,77,34,30,34,29,33,44,34,52,,29,29,43,36,,42,53,32,38,36,75,38,48,35,50,44,67,51,,45,43,41,31,38,45,42,42,35,,29,38,32,39,37,39,,30,41,34,49,47,35,39,36,27,29,32,43,67,,55,25,,40,52,65,43,47,46,28,54,,41,45,54,,32,30,51,67,,36,63,55,,45,42,37,56,67,39,47,35,35,47,43,,31,33,44,46,28,39,35,45,52,34,,36,35,50,32,43,39,41,28,43,45,39,43,,40,33,32,75,,30,33,,,41,50,41,46,93,,36,33,,47,39,36,39,39,40,37,38,,59,38,30,29,38,29,49,28,28,68,42,38,40,41,34,35,,47,40,,41,36,31,47,31,62,32,45,38,34,35,57,43,50,39,,39,34,,55,33,31,38,32,36,73,46,43,40,37,54,44,,29,32,50,40,,37,37,27,52,,35,,56,34,82,33,39,64,,58,42,38,33,31,67,36,64,66,49,,39,31,41,49,30,37,95,34,35,37,,31,31,36,37,,32,78,74,100,47,118,,1,185,36,2,0,46,9,159,78,0,15,0,140,23,71,0,0,14,39,0,28
3,37,64,30,38,,42,43,71,48,33,62,,52,59,,,66,,41,32,54,40,42,62,139,49,102,51,45,38,27,47,43,30,37,49,83,,,,,48,39,43,44,52,51,53,28,38,,40,31,78,41,46,40,54,80,43,51,46,64,64,43,44,34,37,39,45,50,37,71,58,39,50,67,48,61,69,43,57,55,,43,,35,30,42,32,50,87,102,61,65,56,127,40,37,40,43,44,59,98,45,37,72,47,43,46,41,56,94,32,43,35,75,47,47,42,39,33,42,29,124,40,,39,50,53,72,40,45,55,48,48,47,40,61,46,,47,,,,56,40,,,55,58,46,41,59,50,,53,36,44,,75,,64,39,48,48,35,51,66,29,48,66,58,53,43,40,43,40,40,,42,,,50,63,,59,50,37,34,37,,,30,41,43,92,66,68,30,37,51,50,54,90,42,47,69,52,46,48,,47,53,,104,49,39,55,50,49,41,42,40,35,50,39,64,37,48,58,37,40,37,71,85,44,62,161,36,52,51,47,36,45,34,40,33,,37,90,51,61,52,42,47,,32,44,36,58,40,53,,34,28,34,35,36,,72,40,91,59,36,56,115,65,,42,105,,,78,69,104,50,36,67,79,57,75,,44,45,71,55,54,68,69,65,89,131,40,,57,50,52,,66,,,47,88,51,40,96,41,56,45,44,49,68,47,40,37,72,67,73,129,73,61,183,69,65,43,138,36,129,,38,41,54,53,91,46,73,67,45,41,56,32,64,140,45,31,230,,35,82,66,,50,477,36,46,52,32,47,34,44,45,29,63,34,30,43,50,40,50,30,,42,,32,,35,,30,36,,,54,,37,32,,48,48,47,29,28,,56,173,95,,58,32,43,55,,29,69,67,34,53,33,42,35,50,195,48,73,77,40,73,72,97,66,58,116,92,119,102,95,,67,81,81,56,43,,55,66,72,42,88,42,47,39,36,36,36,82,56,,,,49,68,68,269,41,50,60,32,163,34,34,82,44,262,52,53,44,60,74,72,70,98,,32,98,,33,,47,,45,53,40,42,39,,44,,,44,47,77,42,30,34,33,35,46,38,52,,36,29,46,41,,53,69,32,42,46,88,38,53,43,55,56,94,68,,48,46,49,,44,52,50,50,36,,,,33,46,39,43,,33,55,,57,49,39,40,36,33,,36,57,81,,69,,,48,54,68,69,49,50,32,84,,45,59,84,,,32,56,97,,45,93,65,,51,55,,79,85,48,54,38,40,55,54,,39,39,30,34,,47,39,46,52,45,,45,36,50,37,44,41,54,30,45,50,48,56,,54,34,,101,,35,38,,,46,52,51,48,135,,43,36,,48,45,44,46,39,44,55,38,,74,51,,32,42,46,70,39,,74,47,46,29,51,34,36,,63,41,,,,32,57,38,62,35,45,43,37,39,80,65,57,44,,41,40,,75,,,,34,46,89,76,,44,41,61,56,,38,33,65,41,,48,43,36,76,,49,,102,,90,41,44,80,,71,50,45,45,37,83,48,86,82,54,,40,32,,61,43,54,126,36,41,,,34,42,37,42,,36,94,83,117,49,121,,1,174,45,63,0,54,50,267,93,0,15,0,221,107,107,54,0,5,0,0,28
4,45,79,37,42,,67,,86,56,32,79,,56,62,,,72,,43,32,59,42,45,71,199,57,120,64,49,39,27,49,50,36,37,51,88,,,,,68,39,53,44,55,60,53,28,47,,42,31,95,53,57,40,76,127,51,68,54,80,68,48,45,34,44,44,74,61,37,110,58,49,50,97,53,74,69,45,57,55,,61,,,33,44,,54,107,122,88,87,66,156,57,40,43,54,71,66,102,49,38,96,55,45,58,47,74,94,35,48,37,91,50,66,56,42,39,50,34,169,42,,39,77,66,89,43,50,73,50,60,48,48,76,51,,65,,,,61,42,,,64,64,52,50,61,67,,69,40,53,,94,,90,50,62,52,60,60,88,,75,69,78,58,44,44,52,53,43,,48,,,51,70,,80,52,,42,46,,,35,58,44,113,93,79,31,37,55,62,65,100,51,49,96,63,46,52,,,55,,127,49,46,,57,55,,47,40,36,50,45,83,41,,70,,,41,81,97,,67,226,40,60,59,51,49,51,36,41,35,,43,94,,76,66,,49,,33,59,40,64,47,55,,34,67,34,35,,,65,52,90,77,37,57,140,90,,46,124,,,68,81,166,82,51,79,136,80,86,,58,53,82,65,57,45,64,67,111,171,55,,75,,,,74,,,53,99,81,41,105,,69,54,52,62,83,63,41,44,88,100,105,179,118,72,201,81,65,45,187,42,166,,40,43,55,55,110,55,91,69,53,45,,,80,175,49,33,277,,37,90,85,,72,638,36,47,57,32,51,42,46,51,30,65,42,31,43,58,52,61,38,,53,,36,,40,,31,38,,,59,,,,,48,56,69,32,,,71,247,102,,67,35,44,58,,,126,75,34,69,36,56,36,72,249,64,95,85,54,107,89,126,79,82,147,158,177,144,141,,102,93,124,68,48,,61,66,72,42,123,46,49,43,37,36,,100,87,,,,62,81,79,269,46,61,81,32,247,34,,84,51,455,61,64,55,73,97,88,73,133,,34,121,,33,,47,,48,57,41,57,43,,50,,,52,,97,42,36,37,35,,51,38,66,,,32,48,45,,59,92,34,47,54,109,40,63,44,57,65,114,80,,55,52,57,,59,67,65,58,37,,,,35,51,41,44,,,73,,61,55,43,50,39,33,,36,83,91,,76,,,58,55,82,86,60,59,39,107,,54,67,101,,,39,62,123,,54,109,94,,67,68,,94,96,57,63,40,,61,66,,59,42,37,34,,57,50,52,92,54,,44,39,51,42,54,43,61,,59,60,66,66,,68,36,,140,,35,57,,,51,52,51,48,170,,58,38,,53,62,46,57,61,46,62,45,,95,83,,29,40,46,70,,,78,50,62,58,77,36,41,,65,47,,,,36,71,,79,50,63,44,37,50,109,82,70,50,,41,40,,90,,,,38,54,106,79,,62,49,61,72,,41,56,72,43,,51,55,,96,,52,,89,,90,45,50,93,,83,56,56,48,68,108,48,92,140,54,,48,35,,70,43,67,182,43,41,,,40,56,38,43,,39,102,83,141,49,3,,1,218,81,0,0,104,11,303,142,0,4,0,419,0,57,38,0,6,0,0,28
5,51,100,40,,,80,,91,59,,91,,67,67,,,79,,44,34,61,46,58,81,251,62,153,62,57,40,27,50,53,36,40,53,92,,,,,71,41,68,44,57,83,94,,53,,48,32,125,53,68,45,76,127,70,71,59,89,88,52,49,43,50,51,81,83,50,110,69,66,,125,67,80,122,46,66,93,,61,,,36,,,58,107,122,116,113,74,222,57,50,,68,79,81,120,57,49,128,67,51,69,65,90,101,,51,,106,55,67,76,42,53,53,42,227,44,,51,110,83,101,66,64,76,60,76,50,50,87,52,,80,,,,74,,,,64,83,56,51,104,79,,,46,58,,116,,109,55,64,58,71,63,99,,102,72,90,62,89,,53,,55,,50,,,51,76,,83,58,,43,,,,36,58,48,195,99,89,37,53,55,107,79,113,55,55,111,69,46,52,,,57,,182,,58,,64,61,,48,,43,74,48,106,57,,91,,,,101,146,,72,293,45,65,79,60,57,,,,35,,49,103,,81,,,52,,36,66,43,79,,67,,34,82,36,103,,,75,58,107,84,40,63,189,108,,71,153,,,69,119,166,118,74,94,187,94,92,,69,71,180,77,75,47,77,73,134,186,97,,81,,,,87,,,59,110,103,,129,,90,73,55,73,94,76,46,,112,133,119,208,177,85,255,102,83,52,272,51,219,,52,,56,57,127,,121,81,58,53,,,102,225,58,41,329,,39,103,94,,92,876,40,48,89,33,53,46,51,54,,71,46,,45,66,57,65,,,55,,41,,48,,35,40,,,64,,,,,51,77,69,33,,,93,313,102,,74,36,44,,,,126,107,38,99,39,67,43,98,363,88,123,94,64,172,114,190,97,111,210,238,204,180,216,,117,113,189,76,48,,78,103,84,48,127,56,,46,,41,,124,114,,,,68,106,109,463,91,71,111,33,389,,,94,51,592,61,73,62,75,116,101,76,146,,35,148,,,,50,,62,63,41,63,47,,55,,,54,,142,42,38,44,36,,62,41,73,,,32,54,49,,,125,,50,59,152,41,71,48,61,74,133,84,,59,60,69,,64,72,79,63,45,,,,40,60,42,45,,,94,,65,,,56,39,39,,37,94,100,,96,,,88,65,110,110,64,67,43,116,,58,79,156,,,,78,157,,87,151,150,,98,77,,126,175,68,77,46,,72,79,,59,52,52,48,,62,74,55,108,58,,52,45,57,50,58,46,70,,59,72,75,66,,81,38,,167,,35,66,,,54,55,59,68,198,,82,,,64,71,51,69,61,53,77,53,,131,137,,35,53,86,92,,,134,54,79,59,100,39,41,,81,53,,,,37,90,,86,,65,46,42,59,124,89,70,50,,53,47,,105,,,,,63,108,124,,78,55,87,79,,43,68,77,,,54,59,,99,,65,,108,,116,46,59,105,,83,74,75,78,108,108,51,102,147,57,,51,35,,72,44,81,204,46,54,,,44,61,38,44,,40,100,91,148,49,13,,5,241,146,2,0,158,12,356,178,0,16,0,645,0,171,81,0,11,0,0,28
6,55,127,42,,,87,,129,71,,99,,103,71,,,79,,73,48,65,53,65,117,299,88,187,65,,42,,50,58,37,41,59,93,,,,,118,46,82,49,65,110,144,,60,,53,32,152,57,105,53,111,155,76,90,67,100,99,79,54,49,58,58,81,98,,181,119,66,,148,67,92,137,47,79,131,,67,,,38,,,53,129,208,138,121,91,236,65,56,,86,86,88,141,67,62,164,,,74,81,115,113,,,,142,61,82,101,59,58,63,53,278,45,,54,156,94,118,77,77,103,79,82,55,61,103,66,,80,,,,78,,,,81,104,61,54,122,86,,,,67,,129,,156,60,76,62,77,72,111,,129,79,108,64,94,,56,,62,,54,,,56,80,,87,65,,,,,,39,68,,195,114,99,37,,62,178,95,128,58,55,139,81,,,,,80,,223,,59,,74,66,,59,,,,50,127,61,,116,,,,118,180,,86,484,48,76,84,70,65,,,,35,,58,118,,87,,,57,,38,80,,85,,79,,34,110,,97,,,79,,139,,45,75,219,119,,80,164,,,83,122,252,159,105,,231,114,100,,77,94,210,86,104,52,90,76,138,238,102,,92,,,,90,,,59,127,141,,134,,95,120,59,81,107,101,,,129,148,151,263,247,89,354,114,89,64,325,72,291,,56,,73,61,150,,128,90,64,72,,,113,281,79,,428,,44,118,110,,150,1122,42,52,103,34,61,50,54,,,71,59,,49,66,75,70,,,65,,43,,50,,36,,,,66,,,,,54,86,81,,,,105,336,150,,76,38,51,,,,126,111,38,99,52,75,46,121,457,115,163,,71,273,149,234,117,131,277,288,223,222,255,,179,132,246,96,55,,,114,128,48,146,65,,51,,45,,153,122,,,,77,118,140,814,94,80,123,,498,,,111,52,671,61,82,66,75,239,106,80,190,,,158,,,,58,,,70,71,80,58,,74,,,,,170,47,42,52,36,,,47,100,,,32,65,59,,,149,,61,,222,,85,62,,78,171,117,,68,62,84,,74,92,99,72,,,,,,65,,47,,,107,,83,,,61,40,,,37,109,116,,104,,,133,69,151,144,69,,44,137,,68,99,185,,,,85,203,,106,231,212,,106,110,,184,252,83,90,50,,84,102,,59,,52,53,,68,91,,117,68,,51,,71,51,63,,78,,65,75,79,73,,104,41,,164,,50,78,,,65,57,60,86,223,,93,,,66,82,51,69,68,63,87,66,,155,148,,,57,101,106,,,185,59,86,78,108,44,42,,93,59,,,,42,100,,98,,83,46,50,69,151,95,105,61,,58,,,117,,,,,75,108,156,,87,65,105,94,,49,74,80,,,57,60,,105,,88,,130,,130,56,63,106,,116,74,83,78,133,136,58,116,161,,,56,40,,88,,81,243,47,57,,,46,72,,47,,41,119,118,150,49,20,,18,222,166,668,0,150,11,460,215,0,93,4,930,0,184,112,0,13,0,0,103
7,56,174,43,,,89,,159,75,,105,,114,74,,,88,,77,49,67,53,,146,399,91,202,69,,42,,56,,40,41,62,94,,,,,135,51,94,,68,142,190,,65,,57,,187,78,149,53,125,201,84,93,67,110,111,95,57,54,58,65,116,109,,181,119,76,,148,79,92,137,48,79,131,,84,,,38,,,,180,270,189,131,100,280,85,61,,128,105,101,187,71,72,217,,,79,92,125,118,,,,167,62,88,124,68,89,,60,338,49,,59,206,110,169,90,94,126,83,100,58,76,109,68,,102,,,,86,,,,123,117,76,57,148,101,,,,76,,181,,193,71,92,67,79,80,145,,143,84,125,79,100,,90,,65,,60,,,74,85,,147,87,,,,,,55,76,,312,130,101,40,,67,278,103,142,68,,139,102,,,,,86,,228,,63,,,71,,70,,,,53,179,72,,138,,,,126,215,,101,584,48,79,,76,72,,,,,,61,139,,100,,,,,,108,,97,,93,,55,110,,116,,,82,,153,,,87,222,135,,82,188,,,89,136,293,247,158,,326,176,115,,81,181,252,110,118,60,101,,186,,143,,100,,,,92,,,74,158,162,,142,,111,138,,96,127,148,,,152,173,162,306,350,95,475,125,100,69,380,86,337,,58,,,,185,,152,103,,96,,,121,347,95,,543,,44,139,129,,185,1389,,54,111,,66,56,62,,,84,,,53,90,79,78,,,67,,49,,64,,36,,,,69,,,,,54,103,92,,,,105,366,195,,93,38,57,,,,126,121,38,163,52,86,46,132,609,142,200,,,342,169,260,130,168,316,313,315,389,399,,222,158,262,116,93,,,128,156,52,152,71,,,,51,,190,206,,,,78,148,278,1871,101,95,146,,638,,,131,54,968,,96,72,,459,121,87,207,,,172,,,,65,,,,74,88,58,,88,,,,,204,47,46,52,44,,,55,123,,,34,70,68,,,167,,69,,247,,101,65,,82,206,153,,79,66,109,,84,95,118,90,,,,,,87,,,,,120,,115,,,66,,,,37,123,134,,122,,,158,84,168,152,75,,55,146,,77,118,226,,,,108,232,,124,272,282,,135,136,,245,342,97,103,53,,110,121,,82,,52,70,,69,101,,123,,,,,88,63,63,,95,,81,88,80,81,,140,,,253,,50,92,,,,,65,113,275,,179,,,70,93,58,84,95,68,101,87,,169,165,,,75,101,118,,,203,61,86,,117,48,,,110,65,,,,53,114,,119,,98,47,63,77,178,102,150,69,,63,,,117,,,,,84,128,188,,112,70,121,106,,,93,,,,,72,,110,,111,,136,,131,64,63,109,,190,83,95,91,154,136,64,116,161,,,61,49,,134,,98,325,50,66,,,52,83,,,,,128,,150,49,24,,102,264,217,0,0,69,13,489,252,0,269,1,1478,0,160,172,0,21,151,0,103
8,58,239,43,,,94,,177,81,,114,,125,,,,88,,,49,73,65,,175,454,171,217,77,,43,,61,,40,46,69,102,,,,,135,61,100,,,173,231,,68,,62,,256,90,183,53,183,226,108,113,71,117,139,91,59,61,73,71,135,126,,212,155,90,,214,102,120,160,,82,158,,84,,,39,,,,180,384,228,141,110,373,,67,,147,130,105,231,79,79,263,,,81,95,158,125,,,,195,,95,164,,104,,83,400,,,62,246,115,194,102,113,142,102,118,65,82,145,73,,125,,,,98,,,,131,,83,60,195,115,,,,79,,240,,205,80,,74,80,94,184,,158,117,150,,115,,,,,,,,,,,,,,,,,,,,108,,307,192,104,42,,,278,131,154,76,,230,122,,,,,92,,322,,87,,,82,,79,,,,55,207,89,,163,,,,136,244,,137,676,54,,,,89,,,,,,65,161,,109,,,,,,116,,108,,106,,55,116,,206,,,,,161,,,95,242,139,,89,228,,,,160,359,276,185,,418,182,,,97,196,260,116,274,,,,220,,148,,,,,,120,,,89,206,186,,150,,129,151,,117,164,196,,,187,191,171,366,472,100,546,128,119,75,459,108,390,,60,,,,249,,168,114,,108,,,129,404,101,,668,,52,153,,,233,1810,,56,128,,76,66,65,,,94,,,69,109,86,,,,72,,52,,66,,,,,,69,,,,,64,103,,,,,151,492,239,,93,40,75,,,,212,143,41,163,,100,,144,701,178,228,,,381,183,441,148,202,505,501,391,484,484,,258,179,432,149,101,,,,,62,171,76,,,,57,,225,245,,,,89,166,372,3954,116,100,194,,751,,,144,55,1197,,102,76,,662,143,93,222,,,178,,,,69,,,,93,89,,,94,,,,,259,51,53,67,,,,60,123,,,37,,75,,,206,,70,,281,,124,76,,85,233,177,,74,69,132,,94,109,131,89,,,,,,121,,,,,134,,151,,,66,,,,37,141,160,,140,,,219,96,201,216,84,,,159,,,132,276,,,,119,291,,145,374,384,,182,159,,312,475,114,119,57,,135,144,,92,,91,,,72,130,,142,,,,,106,64,70,,117,,95,120,90,85,,165,,,257,,61,98,,,,,,127,362,,184,,,91,97,58,113,95,72,,118,,247,165,,,85,119,130,,,229,,99,,138,49,,,119,,,,,57,128,,160,,122,48,71,84,218,127,186,70,,67,,,152,,,,,86,,224,,174,73,130,117,,,126,,,,,,,,,128,,151,,137,70,73,114,,270,95,107,99,154,158,67,139,224,,,,53,,158,,104,347,50,,,,52,93,,,,,139,,190,49,35,,102,292,230,8,0,53,16,333,349,0,132,1,1984,0,80,161,0,3,130,0,103
9,69,286,,,,101,,195,91,,121,,143,,,,98,,,54,81,,,196,545,198,237,89,,42,,62,,46,,,107,,,,,178,71,103,,,210,292,,74,,62,,321,97,195,88,254,238,131,123,80,142,152,138,69,73,78,81,157,149,,260,241,90,,262,102,147,214,,82,213,,99,,,39,,,,255,546,276,173,135,517,,79,,,141,117,271,87,88,311,,,88,119,207,136,,,,218,,101,206,,129,,98,616,,,65,293,170,292,110,126,157,119,,,110,163,75,,134,,,,116,,,,133,,92,62,224,144,,,,,,272,,239,86,,79,84,,198,,238,131,167,,128,,,,,,,,,,,,,,,,,,,,108,,360,228,,43,,,548,131,176,85,,241,133,,,,,92,,384,,90,,,,,80,,,,60,220,,,177,,,,153,313,,,804,,,,,102,,,,,,70,176,,122,,,,,,134,,124,,137,,55,116,,206,,,,,189,,,126,298,159,,,244,,,,,458,229,217,,451,230,,,100,239,285,150,290,,,,270,,182,,,,,,142,,,95,249,227,,159,,136,,,142,208,247,,,221,255,183,424,570,107,661,147,144,82,561,126,433,,64,,,,349,,172,,,119,,,135,534,108,,824,,,,,,266,2316,,63,141,,88,67,68,,,103,,,70,118,98,,,,74,,56,,72,,,,,,75,,,,,64,135,,,,,151,605,239,,101,47,85,,,,249,163,41,194,,137,,,819,202,289,,,609,215,594,171,249,640,634,442,624,608,,295,210,519,182,101,,,,,64,187,86,,,,69,,262,318,,,,92,202,754,5151,120,118,228,,910,,,167,60,1457,,108,80,,1034,168,95,240,,,220,,,,76,,,,93,99,,,96,,,,,299,,,73,,,,67,146,,,38,,92,,,259,,77,,325,,154,79,,90,272,192,,78,76,,,101,110,144,102,,,,,,130,,,,,155,,175,,,84,,,,37,151,175,,154,,,265,116,235,249,87,,,183,,,155,303,,,,146,371,,,479,484,,236,219,,378,637,125,,,,147,171,,105,,91,,,75,131,,190,,,,,129,76,77,,124,,135,,105,95,,,,,293,,67,99,,,,,,140,396,,201,,,95,113,68,125,109,75,,134,,303,206,,,103,119,136,,,445,,113,,154,50,,,130,,,,,57,139,,179,,122,,71,84,276,151,216,78,,71,,,164,,,,,104,,244,,194,89,150,131,,,,,,,,,,,,160,,164,,137,,75,119,,328,99,126,101,200,182,67,139,240,,,,60,,172,,112,411,56,,,,57,101,,,,,139,,243,49,32,,136,,262,8,0,14,9,251,371,89,102,,2478,0,146,190,0,,146,0,103
10,77,316,,,,,,245,99,,125,,201,,,,109,,,63,85,,,238,690,245,280,103,,42,,63,,47,,,115,,,,,220,86,108,,,230,292,,93,,62,,403,97,291,88,304,293,152,136,80,161,168,155,69,73,91,,,160,,294,241,107,,262,141,147,214,,84,213,,99,,,,,,,255,607,330,182,150,611,,91,,,156,125,304,90,98,355,,,,146,218,168,,,,253,,104,212,,136,,,763,,,69,373,201,333,120,167,176,132,,,124,178,80,,151,,,,119,,,,143,,104,69,238,181,,,,,,281,,267,102,,,89,,211,,250,196,178,,136,,,,,,,,,,,,,,,,,,,,123,,385,256,,,,,805,199,207,85,,300,144,,,,,,,455,,,,,,,90,,,,,265,,,196,,,,167,335,,,964,,,,,112,,,,,,73,186,,125,,,,,,143,,134,,149,,58,120,,228,,,,,201,,,133,336,186,,,325,,,,,548,247,228,,567,264,,,110,242,310,155,338,,,,399,,194,,,,,,154,,,101,289,289,,,,,,,152,255,294,,,265,283,213,517,653,118,733,158,177,129,621,154,563,,,,,,422,,178,,,125,,,143,620,117,,1018,,,,,,305,2704,,67,152,,95,71,,,,111,,,73,139,108,,,,82,,,,74,,,,,,75,,,,,69,135,,,,,188,712,297,,110,,101,,,,350,184,41,231,,137,,,1206,255,343,,,826,248,771,189,268,808,781,566,759,831,,349,236,742,195,129,,,,,66,195,,,,,70,,320,414,,,,92,219,1234,7530,126,,249,,1101,,,167,67,1896,,108,85,,1458,193,102,263,,,380,,,,81,,,,113,106,,,104,,,,,336,,,,,,,67,166,,,39,,,,,330,,77,,391,,178,87,,95,302,220,,83,90,,,,,155,110,,,,,,169,,,,,192,,221,,,84,,,,43,164,175,,168,,,290,,276,288,91,,,210,,,,338,,,,172,408,,,584,648,,278,313,,466,803,136,,,,157,189,,,,91,,,,148,,231,,,,,154,91,83,,130,,148,,,108,,,,,312,,71,115,,,,,,147,428,,268,,,101,,71,140,123,94,,134,,367,206,,,113,163,240,,,526,,,,180,51,,,142,,,,,62,238,,200,,,,77,103,321,167,223,79,,75,,,177,,,,,119,,288,,207,95,167,159,,,,,,,,,,,,170,,175,,137,,77,122,,387,104,138,121,266,194,74,175,289,,,,,,183,,,541,62,,,,57,107,,,,,172,,243,49,31,,186,,164,13,0,18,8,270,409,0,148,,3020,0,241,197,0,,164,0,103
11,82,316,,,,,,254,102,,134,,,,,,124,,,,88,,,257,788,274,326,106,,,,64,,52,,,130,,,,,220,108,124,,,239,407,,99,,,,431,103,371,113,353,341,178,151,89,165,174,175,76,73,95,,,177,,354,333,107,,312,141,170,286,,86,304,,107,,,,,,,293,752,393,197,,647,,94,,,197,151,342,95,,504,,,,150,286,,,,,305,,116,275,,144,,,1003,,,,392,216,423,,170,197,141,,,129,191,84,,151,,,,121,,,,149,,114,77,244,222,,,,,,335,,462,111,,,,,307,,282,,194,,147,,,,,,,,,,,,,,,,,,,,139,,402,351,,,,,922,202,220,,,343,144,,,,,,,582,,,,,,,90,,,,,300,,,225,,,,195,369,,,1117,,,,,129,,,,,,76,,,127,,,,,,161,,,,158,,,122,,228,,,,,222,,,139,377,,,,389,,,,,744,260,305,,675,,,,129,267,,167,345,,,,435,,,,,,,,169,,,108,319,353,,,,,,,166,301,341,,,313,314,240,601,784,,768,,199,222,745,234,667,,,,,,464,,189,,,136,,,155,728,129,,1170,,,,,,401,3195,,71,171,,96,79,,,,118,,,79,140,,,,,,,,,78,,,,,,76,,,,,72,155,,,,,237,712,328,,116,,116,,,,443,245,,272,,170,,,1505,294,406,,,1086,279,974,211,333,938,870,720,874,1091,,413,267,896,215,129,,,,,,205,,,,,72,,392,443,,,,,246,1900,9654,,,277,,1247,,,207,67,2209,,122,93,,1880,193,103,290,,,538,,,,,,,,113,,,,119,,,,,382,,,,,,,75,193,,,,,,,,370,,,,441,,203,92,,105,321,250,,88,101,,,,,165,,,,,,,171,,,,,216,,240,,,90,,,,43,178,233,,186,,,325,,326,319,107,,,226,,,,390,,,,190,490,,,804,741,,321,374,,588,890,,,,,177,218,,,,156,,,,156,,247,,,,,174,,99,,,,176,,,,,,,,376,,74,119,,,,,,161,496,,283,,,101,,,157,144,94,,160,,439,254,,,132,163,256,,,563,,,,180,53,,,149,,,,,75,273,,206,,,,77,122,360,172,236,80,,,,,199,,,,,128,,328,,267,97,188,175,,,,,,,,,,,,178,,176,,168,,80,130,,387,104,155,128,310,209,,182,326,,,,,,192,,,606,66,,,,59,120,,,,,172,,187,49,49,,186,,165,18,0,113,14,213,,0,148,,3847,0,238,307,0,,145,0,103
12,84,452,,,,,,270,109,,141,,,,,,139,,,,98,,,281,871,307,372,120,,,,65,,,,,137,,,,,270,131,,,,252,536,,107,,,,464,106,371,113,372,413,223,173,93,195,192,189,,88,105,,,203,,367,333,114,,408,158,187,286,,88,304,,124,,,,,,,329,908,469,230,,891,,103,,,226,159,401,110,,614,,,,178,323,,,,,309,,,304,,162,,,1192,,,,541,229,551,,273,,146,,,140,194,,,162,,,,131,,,,158,,122,,266,245,,,,,,365,,480,,,,,,373,,329,,,,195,,,,,,,,,,,,,,,,,,,,157,,419,405,,,,,1194,274,234,,,389,,,,,,,,648,,,,,,,,,,,,335,,,,,,,212,418,,,1304,,,,,,,,,,,80,,,,,,,,,172,,,,186,,,122,,299,,,,,284,,,146,598,,,,621,,,,,761,272,322,,827,,,,,289,,176,366,,,,532,,,,,,,,169,,,115,343,427,,,,,,,180,341,403,,,343,330,253,659,885,,889,,232,292,898,342,825,,,,,,504,,,,,153,,,,853,,,1365,,,,,,438,3735,,,190,,103,91,,,,132,,,89,154,,,,,,,,,,,,,,,77,,,,,,162,,,,,,864,358,,118,,124,,,,443,264,,272,,170,,,1838,367,481,,,1227,311,1314,234,386,1123,1030,841,1022,1294,,472,292,1213,255,148,,,,,,217,,,,,,,484,499,,,,,257,2442,12305,,,301,,1435,,,216,74,2511,,132,101,,2260,253,,358,,,798,,,,,,,,107,,,,,,,,,420,,,,,,,83,213,,,,,,,,440,,,,503,,288,,,110,347,261,,,,,,,,184,,,,,,,180,,,,,237,,249,,,,,,,44,178,233,,189,,,356,,369,373,,,,250,,,,470,,,,235,,,,877,849,,397,411,,636,1072,,,,,,,,,,156,,,,163,,274,,,,,183,,105,,,,200,,,,,,,,394,,83,143,,,,,,178,638,,301,,,131,,,168,144,97,,184,,488,273,,,132,194,256,,,680,,,,,56,,,161,,,,,,288,,244,,,,81,137,396,172,,,,,,,245,,,,,135,,372,,,104,209,193,,,,,,,,,,,,200,,,,185,,88,141,,488,119,186,143,348,219,,199,363,,,,,,214,,,617,,,,,,141,,,,,212,,218,49,34,,129,,516,28,0,113,22,274,,0,16,,3686,0,332,442,0,,112,,103
13,93,475,,,,,,292,113,,150,,,,,,147,,,,,,,,961,359,415,,,,,64,,,,,157,,,,,283,147,,,,,662,,108,,,,502,106,493,164,373,484,279,180,93,239,,196,,,107,,,221,,388,381,132,,408,171,187,314,,93,356,,134,,,,,,,379,1245,539,255,,1024,,111,,,245,210,495,116,,814,,,,203,387,,,,,404,,,348,,,,,1632,,,,602,239,567,,318,,151,,,151,202,,,,,,,144,,,,163,,133,,,279,,,,,,396,,507,,,,,,407,,364,,,,,,,,,,,,,,,,,,,,,,,,182,,,410,,,,,1418,320,234,,,477,,,,,,,,697,,,,,,,,,,,,363,,,,,,,,,,,1429,,,,,,,,,,,83,,,,,,,,,185,,,,195,,,123,,304,,,,,286,,,,647,,,,656,,,,,838,,,,997,,,,,,,,415,,,,560,,,,,,,,204,,,,370,491,,,,,,,199,388,473,,,394,347,258,722,1039,,997,,304,393,963,448,915,,,,,,568,,,,,165,,,,1088,,,1591,,,,,,477,4470,,,204,,,96,,,,136,,,,158,,,,,,,,,,,,,,,,,,,,,,,,,,,864,440,,,,131,,,,528,264,,,,190,,,2169,469,556,,,1564,,1606,,484,1277,1140,942,1209,1494,,549,331,1418,,202,,,,,,226,,,,,,,547,582,,,,,349,2869,14904,,,322,,1556,,,252,74,2863,,141,110,,2735,270,,382,,,1091,,,,,,,,122,,,,,,,,,444,,,,,,,,251,,,,,,,,493,,,,557,,319,,,117,,272,,,,,,,,184,,,,,,,203,,,,,256,,273,,,,,,,,198,243,,211,,,419,,,450,,,,269,,,,542,,,,,,,,1006,982,,484,488,,716,1315,,,,,,,,,,208,,,,169,,274,,,,,186,,116,,,,224,,,,,,,,443,,95,,,,,,,,640,,321,,,148,,,207,167,,,207,,549,273,,,,221,,,,847,,,,,,,,197,,,,,,325,,244,,,,,142,396,204,,,,,,,271,,,,,150,,387,,,111,,236,,,,,,,,,,,,,,,,,,88,142,,569,,231,153,385,222,,224,380,,,,,,215,,,710,,,,,,141,,,,,234,,265,49,44,,129,,778,37,0,29,28,215,,0,34,,4512,0,353,6,0,,51,,103
14,112,513,,,,,,314,128,,,,,,,,158,,,,,,,,1049,378,415,,,,,65,,,,,161,,,,,313,168,,,,,812,,118,,,,606,,493,164,530,515,308,185,95,274,,263,,,111,,,221,,,441,143,,539,194,227,340,,95,385,,153,,,,,,,470,1445,679,,,1162,,,,,279,,586,123,,838,,,,221,413,,,,,463,,,379,,,,,2123,,,,657,254,737,,342,,,,,172,,,,,,,,147,,,,177,,144,,,293,,,,,,448,,560,,,,,,463,,408,,,,,,,,,,,,,,,,,,,,,,,,237,,,410,,,,,1418,356,,,,540,,,,,,,,697,,,,,,,,,,,,,,,,,,,,,,,1570,,,,,,,,,,,96,,,,,,,,,192,,,,,,,,,304,,,,,347,,,,711,,,,816,,,,,1193,,,,1170,,,,,,,,,,,,637,,,,,,,,222,,,,,590,,,,,,,214,447,563,,,435,383,268,768,1238,,,,446,490,1067,631,978,,,,,,638,,,,,177,,,,1332,,,1910,,,,,,501,5069,,,218,,,101,,,,140,,,,169,,,,,,,,,,,,,,,,,,,,,,,,,,,1033,,,,,144,,,,753,309,,,,213,,,2482,547,645,,,1900,,1910,,586,1493,1301,1082,1371,1750,,641,,1661,,202,,,,,,240,,,,,,,667,617,,,,,420,3285,17856,,,349,,1756,,,283,88,3321,,141,117,,3385,,,398,,,1387,,,,,,,,126,,,,,,,,,533,,,,,,,,275,,,,,,,,527,,,,597,,394,,,116,,300,,,,,,,,189,,,,,,,,,,,,265,,,,,,,,,,198,,,228,,,476,,,517,,,,307,,,,616,,,,,,,,1146,,,528,540,,774,1675,,,,,,,,,,301,,,,,,300,,,,,204,,129,,,,242,,,,,,,,541,,,,,,,,,,689,,335,,,199,,,229,173,,,227,,631,304,,,,255,,,,955,,,,,,,,,,,,,,383,,351,,,,,154,476,222,,,,,,,285,,,,,181,,426,,,117,,,,,,,,,,,,,,,,,,,,,,,562,,231,161,447,222,,228,,,,,,,238,,,780,,,,,,154,,,,,,,290,49,43,,128,,507,415,20,34,38,246,,0,25,,4866,0,,54,0,,69,,103
15,113,573,,,,,,351,,,,,,,,,,,,,,,,,1171,,,,,,,66,,,,,175,,,,,313,168,,,,,1229,,131,,,,656,,638,164,,603,340,191,95,277,,263,,,111,,,243,,,500,177,,539,223,227,374,,95,440,,158,,,,,,,504,1870,726,,,1468,,,,,400,,653,131,,1152,,,,231,475,,,,,497,,,397,,,,,2202,,,,713,,858,,359,,,,,,,,,,,,,154,,,,,,,,,329,,,,,,500,,636,,,,,,570,,443,,,,,,,,,,,,,,,,,,,,,,,,266,,,423,,,,,2239,392,,,,608,,,,,,,,,,,,,,,,,,,,,,,,,,,,,,,1760,,,,,,,,,,,106,,,,,,,,,212,,,,,,,,,319,,,,,358,,,,756,,,,892,,,,,1433,,,,1298,,,,,,,,,,,,700,,,,,,,,231,,,,,648,,,,,,,236,498,653,,,459,405,278,,1400,,,,538,548,1194,843,1077,,,,,,,,,,,187,,,,1560,,,2183,,,,,,518,6096,,,235,,,,,,,,,,,,,,,,,,,,,,,,,,,,,,,,,,,,,,1203,,,,,159,,,,869,,,,,246,,,2909,646,736,,,2262,,2270,,654,1766,1458,1298,1685,2216,,765,,2010,,246,,,,,,253,,,,,,,809,734,,,,,464,3914,21873,,,364,,1993,,,314,,3751,,150,128,,4138,,,,,,1873,,,,,,,,147,,,,,,,,,601,,,,,,,,283,,,,,,,,589,,,,644,,411,,,,,,,,,,,,,199,,,,,,,,,,,,279,,,,,,,,,,209,,,228,,,552,,,580,,,,335,,,,708,,,,,,,,,,,572,570,,,2100,,,,,,,,,,418,,,,,,305,,,,,214,,136,,,,298,,,,,,,,673,,,,,,,,,,736,,361,,,221,,,254,,,,256,,731,337,,,,268,,,,1106,,,,,,,,,,,,,,404,,351,,,,,158,541,230,,,,,,,308,,,,,203,,488,,,118,,,,,,,,,,,,,,,,,,,,,,,693,,317,161,480,,,238,,,,,,,252,,,869,,,,,,160,,,,,,,290,49,47,,144,,245,58,0,34,40,229,,0,33,,4808,0,,63,0,,67,,103
16,121,,,,,,,373,,,,,,,,,,,,,,,,,1326,,,,,,,,,,,,,,,,,359,187,,,,,1465,,137,,,,711,,799,224,,733,374,206,95,309,,302,,,,,,,,,608,189,,586,227,295,435,,,519,,161,,,,,,,537,1986,751,,,1664,,,,,436,,757,139,,1219,,,,246,521,,,,,536,,,434,,,,,2886,,,,744,,954,,362,,,,,,,,,,,,,160,,,,,,,,,381,,,,,,543,,686,,,,,,624,,525,,,,,,,,,,,,,,,,,,,,,,,,281,,,,,,,,2613,448,,,,683,,,,,,,,,,,,,,,,,,,,,,,,,,,,,,,1956,,,,,,,,,,,118,,,,,,,,,219,,,,,,,,,,,,,,,,,,,,,,,,,,,2178,,,,1350,,,,,,,,,,,,,,,,,,,,238,,,,,652,,,,,,,,566,785,,,,,,,1506,,,,685,628,,940,1172,,,,,,,,,,,,,,,1838,,,2540,,,,,,539,6762,,,242,,,,,,,,,,,,,,,,,,,,,,,,,,,,,,,,,,,,,,,,,,,159,,,,961,,,,,246,,,3494,733,,,,2617,,2835,,740,2125,1743,1618,2003,2856,,833,,2487,,262,,,,,,267,,,,,,,938,808,,,,,512,4657,25573,,,377,,2397,,,345,,4289,,153,138,,5023,,,,,,2894,,,,,,,,159,,,,,,,,,650,,,,,,,,304,,,,,,,,663,,,,703,,,,,,,,,,,,,,,,,,,,,,,,,,,303,,,,,,,,,,,,,259,,,605,,,634,,,,,,,,822,,,,,,,,,,,610,649,,,2430,,,,,,,,,,418,,,,,,,,,,,,,141,,,,311,,,,,,,,617,,,,,,,,,,766,,,,,239,,,342,,,,287,,831,366,,,,318,,,,1284,,,,,,,,,,,,,,418,,430,,,,,,650,256,,,,,,,,,,,,237,,532,,,119,,,,,,,,,,,,,,,,,,,,,,,793,,317,161,519,,,,,,,,,,269,,,1023,,,,,,166,,,,,,,,49,53,,158,,278,62,,152,31,,,0,33,,3935,0,,86,0,,0,,103
17,,,,,,,,416,,,,,,,,,,,,,,,,,1433,,,,,,,,,,,,,,,,,443,212,,,,,1465,,141,,,,786,,946,224,,849,397,217,,309,,375,,,,,,,,,652,206,,643,232,314,441,,,540,,,,,,,,,,2132,882,,,,,,,,496,,902,,,1232,,,,271,,,,,,571,,,,,,,,3364,,,,763,,1000,,380,,,,,,,,,,,,,160,,,,,,,,,428,,,,,,579,,716,,,,,,712,,,,,,,,,,,,,,,,,,,,,,,,,,292,,,,,,,,3445,500,,,,742,,,,,,,,,,,,,,,,,,,,,,,,,,,,,,,2141,,,,,,,,,,,134,,,,,,,,,,,,,,,,,,,,,,,,,,,,,,,,,,,,2495,,,,1480,,,,,,,,,,,,,,,,,,,,249,,,,,,,,,,,,,640,916,,,,,,,1653,,,,842,738,,1115,,,,,,,,,,,,,,,,2003,,,2785,,,,,,559,7518,,,252,,,,,,,,,,,,,,,,,,,,,,,,,,,,,,,,,,,,,,,,,,,,,,,1125,,,,,,,,4099,,,,,3067,,3491,,837,2578,2065,1800,2177,3227,,902,,2916,,307,,,,,,293,,,,,,,1077,1059,,,,,548,5537,29776,,,397,,2741,,,402,,4872,,155,145,,5791,,,,,,3891,,,,,,,,182,,,,,,,,,664,,,,,,,,314,,,,,,,,780,,,,,,,,,,,,,,,,,,,,,,,,,,,,,,,,,,,,,,,,,,,,259,,,642,,,713,,,,,,,,898,,,,,,,,,,,,735,,,3008,,,,,,,,,,418,,,,,,,,,,,,,148,,,,340,,,,,,,,685,,,,,,,,,,835,,,,,258,,,384,,,,306,,921,,,,,318,,,,1395,,,,,,,,,,,,,,452,,484,,,,,,741,260,,,,,,,,,,,,,,,,,,,,,,,,,,,,,,,,,,,,,,,,934,,377,166,614,,,,,,,,,,280,,,1023,,,,,,,,,,,,,,49,57,,251,,320,72,,,31,,,0,,,3821,0,,69,0,,125,,
18,,,,,,,,423,,,,,,,,,,,,,,,,,1495,,,,,,,,,,,,,,,,,443,249,,,,,1829,,143,,,,834,,1016,224,,966,434,,,388,,459,,,,,,,,,718,,,716,,333,457,,,579,,,,,,,,,,2716,1045,,,,,,,,571,,1002,,,1481,,,,,,,,,,608,,,,,,,,3890,,,,,,1069,,,,,,,,,,,,,,,179,,,,,,,,,456,,,,,,645,,939,,,,,,882,,,,,,,,,,,,,,,,,,,,,,,,,,312,,,,,,,,3727,590,,,,815,,,,,,,,,,,,,,,,,,,,,,,,,,,,,,,,,,,,,,,,,,,,,,,,,,,,,,,,,,,,,,,,,,,,,,,,,,,,,,3008,,,,1834,,,,,,,,,,,,,,,,,,,,253,,,,,,,,,,,,,693,1020,,,,,,,1841,,,,981,829,,1373,,,,,,,,,,,,,,,,2159,,,3035,,,,,,,8270,,,267,,,,,,,,,,,,,,,,,,,,,,,,,,,,,,,,,,,,,,,,,,,,,,,1279,,,,,,,,4866,,,,,3584,,3924,,,2950,2354,1956,2374,3756,,1033,,3216,,,,,,,,305,,,,,,,1189,1148,,,,,574,6445,33768,,,,,3187,,,,,5326,,,,,6713,,,,,,4691,,,,,,,,186,,,,,,,,,741,,,,,,,,351,,,,,,,,781,,,,,,,,,,,,,,,,,,,,,,,,,,,,,,,,,,,,,,,,,,,,271,,,689,,,,,,,,,,,,,,,,,,,,,,,875,,,3189,,,,,,,,,,491,,,,,,,,,,,,,152,,,,,,,,,,,,741,,,,,,,,,,,,,,,260,,,410,,,,306,,1105,,,,,,,,,1809,,,,,,,,,,,,,,517,,502,,,,,,777,265,,,,,,,,,,,,,,,,,,,,,,,,,,,,,,,,,,,,,,,,1040,,377,,634,,,,,,,,,,287,,,1190,,,,,,,,,,,,,,49,67,,276,,489,72,,,48,,,,,,3521,0,,59,,,274,,
19,,,,,,,,457,,,,,,,,,,,,,,,,,,,,,,,,,,,,,,,,,,566,250,,,,,2474,,,,,,882,,,314,,1112,450,,,453,,542,,,,,,,,,,,,825,,339,,,,,,,,,,,,,,2824,,,,,,,,,,,1097,,,1598,,,,,,,,,,,,,,,,,,4146,,,,,,1136,,,,,,,,,,,,,,,187,,,,,,,,,515,,,,,,,,,,,,,,941,,,,,,,,,,,,,,,,,,,,,,,,,,,,,,,,,,4496,656,,,,815,,,,,,,,,,,,,,,,,,,,,,,,,,,,,,,,,,,,,,,,,,,,,,,,,,,,,,,,,,,,,,,,,,,,,,,,,,,,,,3088,,,,2270,,,,,,,,,,,,,,,,,,,,,,,,,,,,,,,,,793,,,,,,,,,,,,1141,938,,1624,,,,,,,,,,,,,,,,2414,,,3380,,,,,,,9045,,,280,,,,,,,,,,,,,,,,,,,,,,,,,,,,,,,,,,,,,,,,,,,,,,,1418,,,,,,,,5760,,,,,4082,,4395,,,3263,2545,2239,2641,4104,,,,3685,,,,,,,,319,,,,,,,1249,1234,,,,,596,7344,37453,,,,,3533,,,,,5703,,,,,7605,,,,,,5944,,,,,,,,191,,,,,,,,,810,,,,,,,,,,,,,,,,826,,,,,,,,,,,,,,,,,,,,,,,,,,,,,,,,,,,,,,,,,,,,,,,,,,,,,,,,,,,,,,,,,,,,,,982,,,3728,,,,,,,,,,538,,,,,,,,,,,,,159,,,,,,,,,,,,801,,,,,,,,,,,,,,,278,,,456,,,,,,1112,,,,,,,,,2146,,,,,,,,,,,,,,,,502,,,,,,807,,,,,,,,,,,,,,,,,,,,,,,,,,,,,,,,,,,,,,,,,1170,,498,,778,,,,,,,,,,289,,,1256,,,,,,,,,,,,,,49,44,,252,,,,,,49,,,,,,2207,,,,,,274,,
20,,,,,,,,,,,,,,,,,,,,,,,,,,,,,,,,,,,,,,,,,,588,307,,,,,3019,,,,,,931,,,390,,1209,497,,,486,,574,,,,,,,,,,,,847,,355,,,,,,,,,,,,,,3050,,,,,,,,,,,1211,,,1765,,,,,,,,,,,,,,,,,,4481,,,,,,,,,,,,,,,,,,,,,,,,,,,,,,550,,,,,,,,,,,,,,962,,,,,,,,,,,,,,,,,,,,,,,,,,,,,,,,,,5152,715,,,,,,,,,,,,,,,,,,,,,,,,,,,,,,,,,,,,,,,,,,,,,,,,,,,,,,,,,,,,,,,,,,,,,,,,,,,,,,,,,,3530,,,,3148,,,,,,,,,,,,,,,,,,,,,,,,,,,,,,,,,871,,,,,,,,,,,,1340,1045,,1896,,,,,,,,,,,,,,,,,,,3736,,,,,,,,,,310,,,,,,,,,,,,,,,,,,,,,,,,,,,,,,,,,,,,,,,,,,,,,,,1519,,,,,,,,6187,,,,,4493,,4949,,,3717,2770,,,,,,,4368,,,,,,,,333,,,,,,,,,,,,,,8544,43119,,,,,3829,,,,,5990,,,,,8746,,,,,,7187,,,,,,,,219,,,,,,,,,,,,,,,,,,,,,,,,,871,,,,,,,,,,,,,,,,,,,,,,,,,,,,,,,,,,,,,,,,,,,,,,,,,,,,,,,,,,,,,,,,,,,,,,1111,,,4272,,,,,,,,,,622,,,,,,,,,,,,,,,,,,,,,,,,,819,,,,,,,,,,,,,,,,,,,,,,,,1155,,,,,,,,,,,,,,,,,,,,,,,,,,,,,,,,,,,,,,,,,,,,,,,,,,,,,,,,,,,,,,,,,,,,,,,,1170,,571,,912,,,,,,,,,,,,,1323,,,,,,,,,,,,,,49,,,,,,,,,,,,,,,,,,,,,303,,
21,,,,,,,,,,,,,,,,,,,,,,,,,,,,,,,,,,,,,,,,,,634,307,,,,,3518,,,,,,,,,390,,1326,529,,,538,,591,,,,,,,,,,,,884,,372,,,,,,,,,,,,,,3719,,,,,,,,,,,,,,1886,,,,,,,,,,,,,,,,,,4997,,,,,,,,,,,,,,,,,,,,,,,,,,,,,,,,,,,,,,,,,,,,1027,,,,,,,,,,,,,,,,,,,,,,,,,,,,,,,,,,5575,715,,,,,,,,,,,,,,,,,,,,,,,,,,,,,,,,,,,,,,,,,,,,,,,,,,,,,,,,,,,,,,,,,,,,,,,,,,,,,,,,,,3922,,,,3476,,,,,,,,,,,,,,,,,,,,,,,,,,,,,,,,,,,,,,,,,,,,,1582,1199,,2183,,,,,,,,,,,,,,,,,,,,,,,,,,,,,,,,,,,,,,,,,,,,,,,,,,,,,,,,,,,,,,,,,,,,,,,,,,,,1608,,,,,,,,6862,,,,,5078,,,,,,,,,,,,,,,,,,,,,,,,,,,,,,,,,,,9554,47439,,,,,,,,,,,,,,,10154,,,,,,7875,,,,,,,,,,,,,,,,,,,,,,,,,,,,,,,,,911,,,,,,,,,,,,,,,,,,,,,,,,,,,,,,,,,,,,,,,,,,,,,,,,,,,,,,,,,,,,,,,,,,,,,,1230,,,,,,,,,,,,,,,,,,,,,,,,,,,,,,,,,,,,,,888,,,,,,,,,,,,,,,,,,,,,,,,1261,,,,,,,,,,,,,,,,,,,,,,,,,,,,,,,,,,,,,,,,,,,,,,,,,,,,,,,,,,,,,,,,,,,,,,,,1359,,620,,913,,,,,,,,,,,,,,,,,,,,,,,,,,,49,,,,,,,,,,,,,,,,,,,,,344,,
22,,,,,,,,,,,,,,,,,,,,,,,,,,,,,,,,,,,,,,,,,,,386,,,,,4045,,,,,,,,,442,,1404,568,,,555,,646,,,,,,,,,,,,,,,,,,,,,,,,,,,,4136,,,,,,,,,,,,,,2067,,,,,,,,,,,,,,,,,,,,,,,,,,,,,,,,,,,,,,,,,,,,,,,,,,,,,,,,,,,,,,1124,,,,,,,,,,,,,,,,,,,,,,,,,,,,,,,,,,6111,,,,,,,,,,,,,,,,,,,,,,,,,,,,,,,,,,,,,,,,,,,,,,,,,,,,,,,,,,,,,,,,,,,,,,,,,,,,,,,,,,,,,,,3966,,,,,,,,,,,,,,,,,,,,,,,,,,,,,,,,,,,,,,,,,,,,,1870,1271,,2429,,,,,,,,,,,,,,,,,,,,,,,,,,,,,,,,,,,,,,,,,,,,,,,,,,,,,,,,,,,,,,,,,,,,,,,,,,,,1734,,,,,,,,7533,,,,,,,,,,,,,,,,,,,,,,,,,,,,,,,,,,,,,,,,10587,51809,,,,,,,,,,,,,,,11370,,,,,,8519,,,,,,,,,,,,,,,,,,,,,,,,,,,,,,,,,,,,,,,,,,,,,,,,,,,,,,,,,,,,,,,,,,,,,,,,,,,,,,,,,,,,,,,,,,,,,,,,,,,,,,,1359,,,,,,,,,,,,,,,,,,,,,,,,,,,,,,,,,,,,,,,,,,,,,,,,,,,,,,,,,,,,,,,,,,,,,,,,,,,,,,,,,,,,,,,,,,,,,,,,,,,,,,,,,,,,,,,,,,,,,,,,,,,,,,,,,,,,,,1577,,688,,912,,,,,,,,,,,,,,,,,,,,,,,,,,,,,,,,,,,,,,,,,,,,,,,,501,,
23,,,,,,,,,,,,,,,,,,,,,,,,,,,,,,,,,,,,,,,,,,,417,,,,,4566,,,,,,,,,462,,,583,,,579,,848,,,,,,,,,,,,,,,,,,,,,,,,,,,,,,,,,,,,,,,,,,2230,,,,,,,,,,,,,,,,,,,,,,,,,,,,,,,,,,,,,,,,,,,,,,,,,,,,,,,,,,,,,,,,,,,,,,,,,,,,,,,,,,,,,,,,,,,,,,,,7439,,,,,,,,,,,,,,,,,,,,,,,,,,,,,,,,,,,,,,,,,,,,,,,,,,,,,,,,,,,,,,,,,,,,,,,,,,,,,,,,,,,,,,,4066,,,,,,,,,,,,,,,,,,,,,,,,,,,,,,,,,,,,,,,,,,,,,2202,1382,,2658,,,,,,,,,,,,,,,,,,,,,,,,,,,,,,,,,,,,,,,,,,,,,,,,,,,,,,,,,,,,,,,,,,,,,,,,,,,,,,,,,,,,,,,,,,,,,,,,,,,,,,,,,,,,,,,,,,,,,,,,,,,,12024,57159,,,,,,,,,,,,,,,13129,,,,,,9326,,,,,,,,,,,,,,,,,,,,,,,,,,,,,,,,,,,,,,,,,,,,,,,,,,,,,,,,,,,,,,,,,,,,,,,,,,,,,,,,,,,,,,,,,,,,,,,,,,,,,,,,,,,,,,,,,,,,,,,,,,,,,,,,,,,,,,,,,,,,,,,,,,,,,,,,,,,,,,,,,,,,,,,,,,,,,,,,,,,,,,,,,,,,,,,,,,,,,,,,,,,,,,,,,,,,,,,,,,,,,,,,,,,,,,,,,,,,,1577,,717,,1068,,,,,,,,,,,,,,,,,,,,,,,,,,,,,,,,,,,,,,,,,,,,,,,,483,,
24,,,,,,,,,,,,,,,,,,,,,,,,,,,,,,,,,,,,,,,,,,,442,,,,,4605,,,,,,,,,525,,,622,,,589,,890,,,,,,,,,,,,,,,,,,,,,,,,,,,,,,,,,,,,,,,,,,,,,,,,,,,,,,,,,,,,,,,,,,,,,,,,,,,,,,,,,,,,,,,,,,,,,,,,,,,,,,,,,,,,,,,,,,,,,,,,,,,,,,,,,,,,,,,,,,8034,,,,,,,,,,,,,,,,,,,,,,,,,,,,,,,,,,,,,,,,,,,,,,,,,,,,,,,,,,,,,,,,,,,,,,,,,,,,,,,,,,,,,,,4565,,,,,,,,,,,,,,,,,,,,,,,,,,,,,,,,,,,,,,,,,,,,,2468,1592,,2929,,,,,,,,,,,,,,,,,,,,,,,,,,,,,,,,,,,,,,,,,,,,,,,,,,,,,,,,,,,,,,,,,,,,,,,,,,,,,,,,,,,,,,,,,,,,,,,,,,,,,,,,,,,,,,,,,,,,,,,,,,,,13346,63306,,,,,,,,,,,,,,,14185,,,,,,9967,,,,,,,,,,,,,,,,,,,,,,,,,,,,,,,,,,,,,,,,,,,,,,,,,,,,,,,,,,,,,,,,,,,,,,,,,,,,,,,,,,,,,,,,,,,,,,,,,,,,,,,,,,,,,,,,,,,,,,,,,,,,,,,,,,,,,,,,,,,,,,,,,,,,,,,,,,,,,,,,,,,,,,,,,,,,,,,,,,,,,,,,,,,,,,,,,,,,,,,,,,,,,,,,,,,,,,,,,,,,,,,,,,,,,,,,,,,,,2077,,760,,1229,,,,,,,,,,,,,,,,,,,,,,,,,,,,,,,,,,,,,,,,,,,,,,,,533,,
25,,,,,,,,,,,,,,,,,,,,,,,,,,,,,,,,,,,,,,,,,,,,,,,,5955,,,,,,,,,,,,,,,,,956,,,,,,,,,,,,,,,,,,,,,,,,,,,,,,,,,,,,,,,,,,,,,,,,,,,,,,,,,,,,,,,,,,,,,,,,,,,,,,,,,,,,,,,,,,,,,,,,,,,,,,,,,,,,,,,,,,,,,,,,,,,,,,,,,,,,,,,,,,8728,,,,,,,,,,,,,,,,,,,,,,,,,,,,,,,,,,,,,,,,,,,,,,,,,,,,,,,,,,,,,,,,,,,,,,,,,,,,,,,,,,,,,,,4942,,,,,,,,,,,,,,,,,,,,,,,,,,,,,,,,,,,,,,,,,,,,,2632,,,3245,,,,,,,,,,,,,,,,,,,,,,,,,,,,,,,,,,,,,,,,,,,,,,,,,,,,,,,,,,,,,,,,,,,,,,,,,,,,,,,,,,,,,,,,,,,,,,,,,,,,,,,,,,,,,,,,,,,,,,,,,,,,14398,67551,,,,,,,,,,,,,,,15561,,,,,,10683,,,,,,,,,,,,,,,,,,,,,,,,,,,,,,,,,,,,,,,,,,,,,,,,,,,,,,,,,,,,,,,,,,,,,,,,,,,,,,,,,,,,,,,,,,,,,,,,,,,,,,,,,,,,,,,,,,,,,,,,,,,,,,,,,,,,,,,,,,,,,,,,,,,,,,,,,,,,,,,,,,,,,,,,,,,,,,,,,,,,,,,,,,,,,,,,,,,,,,,,,,,,,,,,,,,,,,,,,,,,,,,,,,,,,,,,,,,,,2159,,,,1304,,,,,,,,,,,,,,,,,,,,,,,,,,,,,,,,,,,,,,,,,,,,,,,,648,,
26,,,,,,,,,,,,,,,,,,,,,,,,,,,,,,,,,,,,,,,,,,,,,,,,6377,,,,,,,,,,,,,,,,,1019,,,,,,,,,,,,,,,,,,,,,,,,,,,,,,,,,,,,,,,,,,,,,,,,,,,,,,,,,,,,,,,,,,,,,,,,,,,,,,,,,,,,,,,,,,,,,,,,,,,,,,,,,,,,,,,,,,,,,,,,,,,,,,,,,,,,,,,,,,8728,,,,,,,,,,,,,,,,,,,,,,,,,,,,,,,,,,,,,,,,,,,,,,,,,,,,,,,,,,,,,,,,,,,,,,,,,,,,,,,,,,,,,,,,,,,,,,,,,,,,,,,,,,,,,,,,,,,,,,,,,,,,,,,,,,,,2950,,,,,,,,,,,,,,,,,,,,,,,,,,,,,,,,,,,,,,,,,,,,,,,,,,,,,,,,,,,,,,,,,,,,,,,,,,,,,,,,,,,,,,,,,,,,,,,,,,,,,,,,,,,,,,,,,,,,,,,,,,,,,,,15616,72181,,,,,,,,,,,,,,,,,,,,,11567,,,,,,,,,,,,,,,,,,,,,,,,,,,,,,,,,,,,,,,,,,,,,,,,,,,,,,,,,,,,,,,,,,,,,,,,,,,,,,,,,,,,,,,,,,,,,,,,,,,,,,,,,,,,,,,,,,,,,,,,,,,,,,,,,,,,,,,,,,,,,,,,,,,,,,,,,,,,,,,,,,,,,,,,,,,,,,,,,,,,,,,,,,,,,,,,,,,,,,,,,,,,,,,,,,,,,,,,,,,,,,,,,,,,,,,,,,,,,2161,,,,1376,,,,,,,,,,,,,,,,,,,,,,,,,,,,,,,,,,,,,,,,,,,,,,,,677,,
27,,,,,,,,,,,,,,,,,,,,,,,,,,,,,,,,,,,,,,,,,,,,,,,,6936,,,,,,,,,,,,,,,,,1019,,,,,,,,,,,,,,,,,,,,,,,,,,,,,,,,,,,,,,,,,,,,,,,,,,,,,,,,,,,,,,,,,,,,,,,,,,,,,,,,,,,,,,,,,,,,,,,,,,,,,,,,,,,,,,,,,,,,,,,,,,,,,,,,,,,,,,,,,,,,,,,,,,,,,,,,,,,,,,,,,,,,,,,,,,,,,,,,,,,,,,,,,,,,,,,,,,,,,,,,,,,,,,,,,,,,,,,,,,,,,,,,,,,,,,,,,,,,,,,,,,,,,,,,,,,,,,,,,,,,,,,,,,,,,,3187,,,,,,,,,,,,,,,,,,,,,,,,,,,,,,,,,,,,,,,,,,,,,,,,,,,,,,,,,,,,,,,,,,,,,,,,,,,,,,,,,,,,,,,,,,,,,,,,,,,,,,,,,,,,,,,,,,,,,,,,,,,,,,,16610,76876,,,,,,,,,,,,,,,,,,,,,12351,,,,,,,,,,,,,,,,,,,,,,,,,,,,,,,,,,,,,,,,,,,,,,,,,,,,,,,,,,,,,,,,,,,,,,,,,,,,,,,,,,,,,,,,,,,,,,,,,,,,,,,,,,,,,,,,,,,,,,,,,,,,,,,,,,,,,,,,,,,,,,,,,,,,,,,,,,,,,,,,,,,,,,,,,,,,,,,,,,,,,,,,,,,,,,,,,,,,,,,,,,,,,,,,,,,,,,,,,,,,,,,,,,,,,,,,,,,,,2330,,,,1376,,,,,,,,,,,,,,,,,,,,,,,,,,,,,,,,,,,,,,,,,,,,,,,,,,
28,,,,,,,,,,,,,,,,,,,,,,,,,,,,,,,,,,,,,,,,,,,,,,,,,,,,,,,,,,,,,,,,,1148,,,,,,,,,,,,,,,,,,,,,,,,,,,,,,,,,,,,,,,,,,,,,,,,,,,,,,,,,,,,,,,,,,,,,,,,,,,,,,,,,,,,,,,,,,,,,,,,,,,,,,,,,,,,,,,,,,,,,,,,,,,,,,,,,,,,,,,,,,,,,,,,,,,,,,,,,,,,,,,,,,,,,,,,,,,,,,,,,,,,,,,,,,,,,,,,,,,,,,,,,,,,,,,,,,,,,,,,,,,,,,,,,,,,,,,,,,,,,,,,,,,,,,,,,,,,,,,,,,,,,,,,,,,,,,,,,,,,,,,,,,,,,,,,,,,,,,,,,,,,,,,,,,,,,,,,,,,,,,,,,,,,,,,,,,,,,,,,,,,,,,,,,,,,,,,,,,,,,,,,,,,,,,,,,,,,,,,,,,,,,,,,,,,,,,,,,,,,,,,,,,,,,,,,,,,,,,,,,,,13081,,,,,,,,,,,,,,,,,,,,,,,,,,,,,,,,,,,,,,,,,,,,,,,,,,,,,,,,,,,,,,,,,,,,,,,,,,,,,,,,,,,,,,,,,,,,,,,,,,,,,,,,,,,,,,,,,,,,,,,,,,,,,,,,,,,,,,,,,,,,,,,,,,,,,,,,,,,,,,,,,,,,,,,,,,,,,,,,,,,,,,,,,,,,,,,,,,,,,,,,,,,,,,,,,,,,,,,,,,,,,,,,,,,,,,,,,,,,,2330,,,,1503,,,,,,,,,,,,,,,,,,,,,,,,,,,,,,,,,,,,,,,,,,,,,,,,,,
29,,,,,,,,,,,,,,,,,,,,,,,,,,,,,,,,,,,,,,,,,,,,,,,,,,,,,,,,,,,,,,,,,1207,,,,,,,,,,,,,,,,,,,,,,,,,,,,,,,,,,,,,,,,,,,,,,,,,,,,,,,,,,,,,,,,,,,,,,,,,,,,,,,,,,,,,,,,,,,,,,,,,,,,,,,,,,,,,,,,,,,,,,,,,,,,,,,,,,,,,,,,,,,,,,,,,,,,,,,,,,,,,,,,,,,,,,,,,,,,,,,,,,,,,,,,,,,,,,,,,,,,,,,,,,,,,,,,,,,,,,,,,,,,,,,,,,,,,,,,,,,,,,,,,,,,,,,,,,,,,,,,,,,,,,,,,,,,,,,,,,,,,,,,,,,,,,,,,,,,,,,,,,,,,,,,,,,,,,,,,,,,,,,,,,,,,,,,,,,,,,,,,,,,,,,,,,,,,,,,,,,,,,,,,,,,,,,,,,,,,,,,,,,,,,,,,,,,,,,,,,,,,,,,,,,,,,,,,,,,,,,,,,,13723,,,,,,,,,,,,,,,,,,,,,,,,,,,,,,,,,,,,,,,,,,,,,,,,,,,,,,,,,,,,,,,,,,,,,,,,,,,,,,,,,,,,,,,,,,,,,,,,,,,,,,,,,,,,,,,,,,,,,,,,,,,,,,,,,,,,,,,,,,,,,,,,,,,,,,,,,,,,,,,,,,,,,,,,,,,,,,,,,,,,,,,,,,,,,,,,,,,,,,,,,,,,,,,,,,,,,,,,,,,,,,,,,,,,,,,,,,,,,2656,,,,1559,,,,,,,,,,,,,,,,,,,,,,,,,,,,,,,,,,,,,,,,,,,,,,,,,,
30,,,,,,,,,,,,,,,,,,,,,,,,,,,,,,,,,,,,,,,,,,,,,,,,,,,,,,,,,,,,,,,,,1207,,,,,,,,,,,,,,,,,,,,,,,,,,,,,,,,,,,,,,,,,,,,,,,,,,,,,,,,,,,,,,,,,,,,,,,,,,,,,,,,,,,,,,,,,,,,,,,,,,,,,,,,,,,,,,,,,,,,,,,,,,,,,,,,,,,,,,,,,,,,,,,,,,,,,,,,,,,,,,,,,,,,,,,,,,,,,,,,,,,,,,,,,,,,,,,,,,,,,,,,,,,,,,,,,,,,,,,,,,,,,,,,,,,,,,,,,,,,,,,,,,,,,,,,,,,,,,,,,,,,,,,,,,,,,,,,,,,,,,,,,,,,,,,,,,,,,,,,,,,,,,,,,,,,,,,,,,,,,,,,,,,,,,,,,,,,,,,,,,,,,,,,,,,,,,,,,,,,,,,,,,,,,,,,,,,,,,,,,,,,,,,,,,,,,,,,,,,,,,,,,,,,,,,,,,,,,,,,,,,14294,,,,,,,,,,,,,,,,,,,,,,,,,,,,,,,,,,,,,,,,,,,,,,,,,,,,,,,,,,,,,,,,,,,,,,,,,,,,,,,,,,,,,,,,,,,,,,,,,,,,,,,,,,,,,,,,,,,,,,,,,,,,,,,,,,,,,,,,,,,,,,,,,,,,,,,,,,,,,,,,,,,,,,,,,,,,,,,,,,,,,,,,,,,,,,,,,,,,,,,,,,,,,,,,,,,,,,,,,,,,,,,,,,,,,,,,,,,,,2787,,,,1603,,,,,,,,,,,,,,,,,,,,,,,,,,,,,,,,,,,,,,,,,,,,,,,,,,
31,,,,,,,,,,,,,,,,,,,,,,,,,,,,,,,,,,,,,,,,,,,,,,,,,,,,,,,,,,,,,,,,,1285,,,,,,,,,,,,,,,,,,,,,,,,,,,,,,,,,,,,,,,,,,,,,,,,,,,,,,,,,,,,,,,,,,,,,,,,,,,,,,,,,,,,,,,,,,,,,,,,,,,,,,,,,,,,,,,,,,,,,,,,,,,,,,,,,,,,,,,,,,,,,,,,,,,,,,,,,,,,,,,,,,,,,,,,,,,,,,,,,,,,,,,,,,,,,,,,,,,,,,,,,,,,,,,,,,,,,,,,,,,,,,,,,,,,,,,,,,,,,,,,,,,,,,,,,,,,,,,,,,,,,,,,,,,,,,,,,,,,,,,,,,,,,,,,,,,,,,,,,,,,,,,,,,,,,,,,,,,,,,,,,,,,,,,,,,,,,,,,,,,,,,,,,,,,,,,,,,,,,,,,,,,,,,,,,,,,,,,,,,,,,,,,,,,,,,,,,,,,,,,,,,,,,,,,,,,,,,,,,,,14294,,,,,,,,,,,,,,,,,,,,,,,,,,,,,,,,,,,,,,,,,,,,,,,,,,,,,,,,,,,,,,,,,,,,,,,,,,,,,,,,,,,,,,,,,,,,,,,,,,,,,,,,,,,,,,,,,,,,,,,,,,,,,,,,,,,,,,,,,,,,,,,,,,,,,,,,,,,,,,,,,,,,,,,,,,,,,,,,,,,,,,,,,,,,,,,,,,,,,,,,,,,,,,,,,,,,,,,,,,,,,,,,,,,,,,,,,,,,,2898,,,,1659,,,,,,,,,,,,,,,,,,,,,,,,,,,,,,,,,,,,,,,,,,,,,,,,,,
32,,,,,,,,,,,,,,,,,,,,,,,,,,,,,,,,,,,,,,,,,,,,,,,,,,,,,,,,,,,,,,,,,,,,,,,,,,,,,,,,,,,,,,,,,,,,,,,,,,,,,,,,,,,,,,,,,,,,,,,,,,,,,,,,,,,,,,,,,,,,,,,,,,,,,,,,,,,,,,,,,,,,,,,,,,,,,,,,,,,,,,,,,,,,,,,,,,,,,,,,,,,,,,,,,,,,,,,,,,,,,,,,,,,,,,,,,,,,,,,,,,,,,,,,,,,,,,,,,,,,,,,,,,,,,,,,,,,,,,,,,,,,,,,,,,,,,,,,,,,,,,,,,,,,,,,,,,,,,,,,,,,,,,,,,,,,,,,,,,,,,,,,,,,,,,,,,,,,,,,,,,,,,,,,,,,,,,,,,,,,,,,,,,,,,,,,,,,,,,,,,,,,,,,,,,,,,,,,,,,,,,,,,,,,,,,,,,,,,,,,,,,,,,,,,,,,,,,,,,,,,,,,,,,,,,,,,,,,,,,,,,,,,,,,,,,,,,,,,,,,,,,,,,,,,,,,,,,,,,,,,,,,,,,,,,,,,,,,,,,,,,,,,,,,,,,,,,,,,,,,,,,,,,,,,,,,,,,,,,,,,,,,,,,,,,,,,,,,,,,,,,,,,,,,,,,,,,,,,,,,,,,,,,,,,,,,,,,,,,,,,,,,,,,,,,,,,,,,,,,,,,,,,,,,,,,,,,,,,,,,,,,,,,,,,,,,,,,,,,,,,,,,,,,,,,,,,,,,,,,,,3167,,,,,,,,,,,,,,,,,,,,,,,,,,,,,,,,,,,,,,,,,,,,,,,,,,,,,,
33,,,,,,,,,,,,,,,,,,,,,,,,,,,,,,,,,,,,,,,,,,,,,,,,,,,,,,,,,,,,,,,,,,,,,,,,,,,,,,,,,,,,,,,,,,,,,,,,,,,,,,,,,,,,,,,,,,,,,,,,,,,,,,,,,,,,,,,,,,,,,,,,,,,,,,,,,,,,,,,,,,,,,,,,,,,,,,,,,,,,,,,,,,,,,,,,,,,,,,,,,,,,,,,,,,,,,,,,,,,,,,,,,,,,,,,,,,,,,,,,,,,,,,,,,,,,,,,,,,,,,,,,,,,,,,,,,,,,,,,,,,,,,,,,,,,,,,,,,,,,,,,,,,,,,,,,,,,,,,,,,,,,,,,,,,,,,,,,,,,,,,,,,,,,,,,,,,,,,,,,,,,,,,,,,,,,,,,,,,,,,,,,,,,,,,,,,,,,,,,,,,,,,,,,,,,,,,,,,,,,,,,,,,,,,,,,,,,,,,,,,,,,,,,,,,,,,,,,,,,,,,,,,,,,,,,,,,,,,,,,,,,,,,,,,,,,,,,,,,,,,,,,,,,,,,,,,,,,,,,,,,,,,,,,,,,,,,,,,,,,,,,,,,,,,,,,,,,,,,,,,,,,,,,,,,,,,,,,,,,,,,,,,,,,,,,,,,,,,,,,,,,,,,,,,,,,,,,,,,,,,,,,,,,,,,,,,,,,,,,,,,,,,,,,,,,,,,,,,,,,,,,,,,,,,,,,,,,,,,,,,,,,,,,,,,,,,,,,,,,,,,,,,,,,,,,,,,,,,,,,,3331,,,,,,,,,,,,,,,,,,,,,,,,,,,,,,,,,,,,,,,,,,,,,,,,,,,,,,
34,,,,,,,,,,,,,,,,,,,,,,,,,,,,,,,,,,,,,,,,,,,,,,,,,,,,,,,,,,,,,,,,,,,,,,,,,,,,,,,,,,,,,,,,,,,,,,,,,,,,,,,,,,,,,,,,,,,,,,,,,,,,,,,,,,,,,,,,,,,,,,,,,,,,,,,,,,,,,,,,,,,,,,,,,,,,,,,,,,,,,,,,,,,,,,,,,,,,,,,,,,,,,,,,,,,,,,,,,,,,,,,,,,,,,,,,,,,,,,,,,,,,,,,,,,,,,,,,,,,,,,,,,,,,,,,,,,,,,,,,,,,,,,,,,,,,,,,,,,,,,,,,,,,,,,,,,,,,,,,,,,,,,,,,,,,,,,,,,,,,,,,,,,,,,,,,,,,,,,,,,,,,,,,,,,,,,,,,,,,,,,,,,,,,,,,,,,,,,,,,,,,,,,,,,,,,,,,,,,,,,,,,,,,,,,,,,,,,,,,,,,,,,,,,,,,,,,,,,,,,,,,,,,,,,,,,,,,,,,,,,,,,,,,,,,,,,,,,,,,,,,,,,,,,,,,,,,,,,,,,,,,,,,,,,,,,,,,,,,,,,,,,,,,,,,,,,,,,,,,,,,,,,,,,,,,,,,,,,,,,,,,,,,,,,,,,,,,,,,,,,,,,,,,,,,,,,,,,,,,,,,,,,,,,,,,,,,,,,,,,,,,,,,,,,,,,,,,,,,,,,,,,,,,,,,,,,,,,,,,,,,,,,,,,,,,,,,,,,,,,,,,,,,,,,,,,,,,,,,,,,3486,,,,,,,,,,,,,,,,,,,,,,,,,,,,,,,,,,,,,,,,,,,,,,,,,,,,,,
35,,,,,,,,,,,,,,,,,,,,,,,,,,,,,,,,,,,,,,,,,,,,,,,,,,,,,,,,,,,,,,,,,,,,,,,,,,,,,,,,,,,,,,,,,,,,,,,,,,,,,,,,,,,,,,,,,,,,,,,,,,,,,,,,,,,,,,,,,,,,,,,,,,,,,,,,,,,,,,,,,,,,,,,,,,,,,,,,,,,,,,,,,,,,,,,,,,,,,,,,,,,,,,,,,,,,,,,,,,,,,,,,,,,,,,,,,,,,,,,,,,,,,,,,,,,,,,,,,,,,,,,,,,,,,,,,,,,,,,,,,,,,,,,,,,,,,,,,,,,,,,,,,,,,,,,,,,,,,,,,,,,,,,,,,,,,,,,,,,,,,,,,,,,,,,,,,,,,,,,,,,,,,,,,,,,,,,,,,,,,,,,,,,,,,,,,,,,,,,,,,,,,,,,,,,,,,,,,,,,,,,,,,,,,,,,,,,,,,,,,,,,,,,,,,,,,,,,,,,,,,,,,,,,,,,,,,,,,,,,,,,,,,,,,,,,,,,,,,,,,,,,,,,,,,,,,,,,,,,,,,,,,,,,,,,,,,,,,,,,,,,,,,,,,,,,,,,,,,,,,,,,,,,,,,,,,,,,,,,,,,,,,,,,,,,,,,,,,,,,,,,,,,,,,,,,,,,,,,,,,,,,,,,,,,,,,,,,,,,,,,,,,,,,,,,,,,,,,,,,,,,,,,,,,,,,,,,,,,,,,,,,,,,,,,,,,,,,,,,,,,,,,,,,,,,,,,,,,,,,,,,,,,,,,,,,,,,,,,,,,,,,,,,,,,,,,,,,,,,,,,,,,,,,,,,,,,,,
36,,,,,,,,,,,,,,,,,,,,,,,,,,,,,,,,,,,,,,,,,,,,,,,,,,,,,,,,,,,,,,,,,,,,,,,,,,,,,,,,,,,,,,,,,,,,,,,,,,,,,,,,,,,,,,,,,,,,,,,,,,,,,,,,,,,,,,,,,,,,,,,,,,,,,,,,,,,,,,,,,,,,,,,,,,,,,,,,,,,,,,,,,,,,,,,,,,,,,,,,,,,,,,,,,,,,,,,,,,,,,,,,,,,,,,,,,,,,,,,,,,,,,,,,,,,,,,,,,,,,,,,,,,,,,,,,,,,,,,,,,,,,,,,,,,,,,,,,,,,,,,,,,,,,,,,,,,,,,,,,,,,,,,,,,,,,,,,,,,,,,,,,,,,,,,,,,,,,,,,,,,,,,,,,,,,,,,,,,,,,,,,,,,,,,,,,,,,,,,,,,,,,,,,,,,,,,,,,,,,,,,,,,,,,,,,,,,,,,,,,,,,,,,,,,,,,,,,,,,,,,,,,,,,,,,,,,,,,,,,,,,,,,,,,,,,,,,,,,,,,,,,,,,,,,,,,,,,,,,,,,,,,,,,,,,,,,,,,,,,,,,,,,,,,,,,,,,,,,,,,,,,,,,,,,,,,,,,,,,,,,,,,,,,,,,,,,,,,,,,,,,,,,,,,,,,,,,,,,,,,,,,,,,,,,,,,,,,,,,,,,,,,,,,,,,,,,,,,,,,,,,,,,,,,,,,,,,,,,,,,,,,,,,,,,,,,,,,,,,,,,,,,,,,,,,,,,,,,,,,,,,,,,,,,,,,,,,,,,,,,,,,,,,,,,,,,,,,,,,,,,,,,,,,,,,,,,,,
37,,,,,,,,,,,,,,,,,,,,,,,,,,,,,,,,,,,,,,,,,,,,,,,,,,,,,,,,,,,,,,,,,,,,,,,,,,,,,,,,,,,,,,,,,,,,,,,,,,,,,,,,,,,,,,,,,,,,,,,,,,,,,,,,,,,,,,,,,,,,,,,,,,,,,,,,,,,,,,,,,,,,,,,,,,,,,,,,,,,,,,,,,,,,,,,,,,,,,,,,,,,,,,,,,,,,,,,,,,,,,,,,,,,,,,,,,,,,,,,,,,,,,,,,,,,,,,,,,,,,,,,,,,,,,,,,,,,,,,,,,,,,,,,,,,,,,,,,,,,,,,,,,,,,,,,,,,,,,,,,,,,,,,,,,,,,,,,,,,,,,,,,,,,,,,,,,,,,,,,,,,,,,,,,,,,,,,,,,,,,,,,,,,,,,,,,,,,,,,,,,,,,,,,,,,,,,,,,,,,,,,,,,,,,,,,,,,,,,,,,,,,,,,,,,,,,,,,,,,,,,,,,,,,,,,,,,,,,,,,,,,,,,,,,,,,,,,,,,,,,,,,,,,,,,,,,,,,,,,,,,,,,,,,,,,,,,,,,,,,,,,,,,,,,,,,,,,,,,,,,,,,,,,,,,,,,,,,,,,,,,,,,,,,,,,,,,,,,,,,,,,,,,,,,,,,,,,,,,,,,,,,,,,,,,,,,,,,,,,,,,,,,,,,,,,,,,,,,,,,,,,,,,,,,,,,,,,,,,,,,,,,,,,,,,,,,,,,,,,,,,,,,,,,,,,,,,,,,,,,,,,,,,,,,,,,,,,,,,,,,,,,,,,,,,,,,,,,,,,,,,,,,,,,,,,,,,,,
38,,,,,,,,,,,,,,,,,,,,,,,,,,,,,,,,,,,,,,,,,,,,,,,,,,,,,,,,,,,,,,,,,,,,,,,,,,,,,,,,,,,,,,,,,,,,,,,,,,,,,,,,,,,,,,,,,,,,,,,,,,,,,,,,,,,,,,,,,,,,,,,,,,,,,,,,,,,,,,,,,,,,,,,,,,,,,,,,,,,,,,,,,,,,,,,,,,,,,,,,,,,,,,,,,,,,,,,,,,,,,,,,,,,,,,,,,,,,,,,,,,,,,,,,,,,,,,,,,,,,,,,,,,,,,,,,,,,,,,,,,,,,,,,,,,,,,,,,,,,,,,,,,,,,,,,,,,,,,,,,,,,,,,,,,,,,,,,,,,,,,,,,,,,,,,,,,,,,,,,,,,,,,,,,,,,,,,,,,,,,,,,,,,,,,,,,,,,,,,,,,,,,,,,,,,,,,,,,,,,,,,,,,,,,,,,,,,,,,,,,,,,,,,,,,,,,,,,,,,,,,,,,,,,,,,,,,,,,,,,,,,,,,,,,,,,,,,,,,,,,,,,,,,,,,,,,,,,,,,,,,,,,,,,,,,,,,,,,,,,,,,,,,,,,,,,,,,,,,,,,,,,,,,,,,,,,,,,,,,,,,,,,,,,,,,,,,,,,,,,,,,,,,,,,,,,,,,,,,,,,,,,,,,,,,,,,,,,,,,,,,,,,,,,,,,,,,,,,,,,,,,,,,,,,,,,,,,,,,,,,,,,,,,,,,,,,,,,,,,,,,,,,,,,,,,,,,,,,,,,,,,,,,,,,,,,,,,,,,,,,,,,,,,,,,,,,,,,,,,,,,,,,,,,,,,,,,,,
39,,,,,,,,,,,,,,,,,,,,,,,,,,,,,,,,,,,,,,,,,,,,,,,,,,,,,,,,,,,,,,,,,,,,,,,,,,,,,,,,,,,,,,,,,,,,,,,,,,,,,,,,,,,,,,,,,,,,,,,,,,,,,,,,,,,,,,,,,,,,,,,,,,,,,,,,,,,,,,,,,,,,,,,,,,,,,,,,,,,,,,,,,,,,,,,,,,,,,,,,,,,,,,,,,,,,,,,,,,,,,,,,,,,,,,,,,,,,,,,,,,,,,,,,,,,,,,,,,,,,,,,,,,,,,,,,,,,,,,,,,,,,,,,,,,,,,,,,,,,,,,,,,,,,,,,,,,,,,,,,,,,,,,,,,,,,,,,,,,,,,,,,,,,,,,,,,,,,,,,,,,,,,,,,,,,,,,,,,,,,,,,,,,,,,,,,,,,,,,,,,,,,,,,,,,,,,,,,,,,,,,,,,,,,,,,,,,,,,,,,,,,,,,,,,,,,,,,,,,,,,,,,,,,,,,,,,,,,,,,,,,,,,,,,,,,,,,,,,,,,,,,,,,,,,,,,,,,,,,,,,,,,,,,,,,,,,,,,,,,,,,,,,,,,,,,,,,,,,,,,,,,,,,,,,,,,,,,,,,,,,,,,,,,,,,,,,,,,,,,,,,,,,,,,,,,,,,,,,,,,,,,,,,,,,,,,,,,,,,,,,,,,,,,,,,,,,,,,,,,,,,,,,,,,,,,,,,,,,,,,,,,,,,,,,,,,,,,,,,,,,,,,,,,,,,,,,,,,,,,,,,,,,,,,,,,,,,,,,,,,,,,,,,,,,,,,,,,,,,,,,,,,,,,,,,,,,,,
40,,,,,,,,,,,,,,,,,,,,,,,,,,,,,,,,,,,,,,,,,,,,,,,,,,,,,,,,,,,,,,,,,,,,,,,,,,,,,,,,,,,,,,,,,,,,,,,,,,,,,,,,,,,,,,,,,,,,,,,,,,,,,,,,,,,,,,,,,,,,,,,,,,,,,,,,,,,,,,,,,,,,,,,,,,,,,,,,,,,,,,,,,,,,,,,,,,,,,,,,,,,,,,,,,,,,,,,,,,,,,,,,,,,,,,,,,,,,,,,,,,,,,,,,,,,,,,,,,,,,,,,,,,,,,,,,,,,,,,,,,,,,,,,,,,,,,,,,,,,,,,,,,,,,,,,,,,,,,,,,,,,,,,,,,,,,,,,,,,,,,,,,,,,,,,,,,,,,,,,,,,,,,,,,,,,,,,,,,,,,,,,,,,,,,,,,,,,,,,,,,,,,,,,,,,,,,,,,,,,,,,,,,,,,,,,,,,,,,,,,,,,,,,,,,,,,,,,,,,,,,,,,,,,,,,,,,,,,,,,,,,,,,,,,,,,,,,,,,,,,,,,,,,,,,,,,,,,,,,,,,,,,,,,,,,,,,,,,,,,,,,,,,,,,,,,,,,,,,,,,,,,,,,,,,,,,,,,,,,,,,,,,,,,,,,,,,,,,,,,,,,,,,,,,,,,,,,,,,,,,,,,,,,,,,,,,,,,,,,,,,,,,,,,,,,,,,,,,,,,,,,,,,,,,,,,,,,,,,,,,,,,,,,,,,,,,,,,,,,,,,,,,,,,,,,,,,,,,,,,,,,,,,,,,,,,,,,,,,,,,,,,,,,,,,,,,,,,,,,,,,,,,,,,,,,,,,,,
41,,,,,,,,,,,,,,,,,,,,,,,,,,,,,,,,,,,,,,,,,,,,,,,,,,,,,,,,,,,,,,,,,,,,,,,,,,,,,,,,,,,,,,,,,,,,,,,,,,,,,,,,,,,,,,,,,,,,,,,,,,,,,,,,,,,,,,,,,,,,,,,,,,,,,,,,,,,,,,,,,,,,,,,,,,,,,,,,,,,,,,,,,,,,,,,,,,,,,,,,,,,,,,,,,,,,,,,,,,,,,,,,,,,,,,,,,,,,,,,,,,,,,,,,,,,,,,,,,,,,,,,,,,,,,,,,,,,,,,,,,,,,,,,,,,,,,,,,,,,,,,,,,,,,,,,,,,,,,,,,,,,,,,,,,,,,,,,,,,,,,,,,,,,,,,,,,,,,,,,,,,,,,,,,,,,,,,,,,,,,,,,,,,,,,,,,,,,,,,,,,,,,,,,,,,,,,,,,,,,,,,,,,,,,,,,,,,,,,,,,,,,,,,,,,,,,,,,,,,,,,,,,,,,,,,,,,,,,,,,,,,,,,,,,,,,,,,,,,,,,,,,,,,,,,,,,,,,,,,,,,,,,,,,,,,,,,,,,,,,,,,,,,,,,,,,,,,,,,,,,,,,,,,,,,,,,,,,,,,,,,,,,,,,,,,,,,,,,,,,,,,,,,,,,,,,,,,,,,,,,,,,,,,,,,,,,,,,,,,,,,,,,,,,,,,,,,,,,,,,,,,,,,,,,,,,,,,,,,,,,,,,,,,,,,,,,,,,,,,,,,,,,,,,,,,,,,,,,,,,,,,,,,,,,,,,,,,,,,,,,,,,,,,,,,,,,,,,,,,,,,,,,,,,,,,,,,,,
42,,,,,,,,,,,,,,,,,,,,,,,,,,,,,,,,,,,,,,,,,,,,,,,,,,,,,,,,,,,,,,,,,,,,,,,,,,,,,,,,,,,,,,,,,,,,,,,,,,,,,,,,,,,,,,,,,,,,,,,,,,,,,,,,,,,,,,,,,,,,,,,,,,,,,,,,,,,,,,,,,,,,,,,,,,,,,,,,,,,,,,,,,,,,,,,,,,,,,,,,,,,,,,,,,,,,,,,,,,,,,,,,,,,,,,,,,,,,,,,,,,,,,,,,,,,,,,,,,,,,,,,,,,,,,,,,,,,,,,,,,,,,,,,,,,,,,,,,,,,,,,,,,,,,,,,,,,,,,,,,,,,,,,,,,,,,,,,,,,,,,,,,,,,,,,,,,,,,,,,,,,,,,,,,,,,,,,,,,,,,,,,,,,,,,,,,,,,,,,,,,,,,,,,,,,,,,,,,,,,,,,,,,,,,,,,,,,,,,,,,,,,,,,,,,,,,,,,,,,,,,,,,,,,,,,,,,,,,,,,,,,,,,,,,,,,,,,,,,,,,,,,,,,,,,,,,,,,,,,,,,,,,,,,,,,,,,,,,,,,,,,,,,,,,,,,,,,,,,,,,,,,,,,,,,,,,,,,,,,,,,,,,,,,,,,,,,,,,,,,,,,,,,,,,,,,,,,,,,,,,,,,,,,,,,,,,,,,,,,,,,,,,,,,,,,,,,,,,,,,,,,,,,,,,,,,,,,,,,,,,,,,,,,,,,,,,,,,,,,,,,,,,,,,,,,,,,,,,,,,,,,,,,,,,,,,,,,,,,,,,,,,,,,,,,,,,,,,,,,,,,,,,,,,,,,,,,,,
43,,,,,,,,,,,,,,,,,,,,,,,,,,,,,,,,,,,,,,,,,,,,,,,,,,,,,,,,,,,,,,,,,,,,,,,,,,,,,,,,,,,,,,,,,,,,,,,,,,,,,,,,,,,,,,,,,,,,,,,,,,,,,,,,,,,,,,,,,,,,,,,,,,,,,,,,,,,,,,,,,,,,,,,,,,,,,,,,,,,,,,,,,,,,,,,,,,,,,,,,,,,,,,,,,,,,,,,,,,,,,,,,,,,,,,,,,,,,,,,,,,,,,,,,,,,,,,,,,,,,,,,,,,,,,,,,,,,,,,,,,,,,,,,,,,,,,,,,,,,,,,,,,,,,,,,,,,,,,,,,,,,,,,,,,,,,,,,,,,,,,,,,,,,,,,,,,,,,,,,,,,,,,,,,,,,,,,,,,,,,,,,,,,,,,,,,,,,,,,,,,,,,,,,,,,,,,,,,,,,,,,,,,,,,,,,,,,,,,,,,,,,,,,,,,,,,,,,,,,,,,,,,,,,,,,,,,,,,,,,,,,,,,,,,,,,,,,,,,,,,,,,,,,,,,,,,,,,,,,,,,,,,,,,,,,,,,,,,,,,,,,,,,,,,,,,,,,,,,,,,,,,,,,,,,,,,,,,,,,,,,,,,,,,,,,,,,,,,,,,,,,,,,,,,,,,,,,,,,,,,,,,,,,,,,,,,,,,,,,,,,,,,,,,,,,,,,,,,,,,,,,,,,,,,,,,,,,,,,,,,,,,,,,,,,,,,,,,,,,,,,,,,,,,,,,,,,,,,,,,,,,,,,,,,,,,,,,,,,,,,,,,,,,,,,,,,,,,,,,,,,,,,,,,,,,,,,,,
44,,,,,,,,,,,,,,,,,,,,,,,,,,,,,,,,,,,,,,,,,,,,,,,,,,,,,,,,,,,,,,,,,,,,,,,,,,,,,,,,,,,,,,,,,,,,,,,,,,,,,,,,,,,,,,,,,,,,,,,,,,,,,,,,,,,,,,,,,,,,,,,,,,,,,,,,,,,,,,,,,,,,,,,,,,,,,,,,,,,,,,,,,,,,,,,,,,,,,,,,,,,,,,,,,,,,,,,,,,,,,,,,,,,,,,,,,,,,,,,,,,,,,,,,,,,,,,,,,,,,,,,,,,,,,,,,,,,,,,,,,,,,,,,,,,,,,,,,,,,,,,,,,,,,,,,,,,,,,,,,,,,,,,,,,,,,,,,,,,,,,,,,,,,,,,,,,,,,,,,,,,,,,,,,,,,,,,,,,,,,,,,,,,,,,,,,,,,,,,,,,,,,,,,,,,,,,,,,,,,,,,,,,,,,,,,,,,,,,,,,,,,,,,,,,,,,,,,,,,,,,,,,,,,,,,,,,,,,,,,,,,,,,,,,,,,,,,,,,,,,,,,,,,,,,,,,,,,,,,,,,,,,,,,,,,,,,,,,,,,,,,,,,,,,,,,,,,,,,,,,,,,,,,,,,,,,,,,,,,,,,,,,,,,,,,,,,,,,,,,,,,,,,,,,,,,,,,,,,,,,,,,,,,,,,,,,,,,,,,,,,,,,,,,,,,,,,,,,,,,,,,,,,,,,,,,,,,,,,,,,,,,,,,,,,,,,,,,,,,,,,,,,,,,,,,,,,,,,,,,,,,,,,,,,,,,,,,,,,,,,,,,,,,,,,,,,,,,,,,,,,,,,,,,,,,,,,,,
45,,,,,,,,,,,,,,,,,,,,,,,,,,,,,,,,,,,,,,,,,,,,,,,,,,,,,,,,,,,,,,,,,,,,,,,,,,,,,,,,,,,,,,,,,,,,,,,,,,,,,,,,,,,,,,,,,,,,,,,,,,,,,,,,,,,,,,,,,,,,,,,,,,,,,,,,,,,,,,,,,,,,,,,,,,,,,,,,,,,,,,,,,,,,,,,,,,,,,,,,,,,,,,,,,,,,,,,,,,,,,,,,,,,,,,,,,,,,,,,,,,,,,,,,,,,,,,,,,,,,,,,,,,,,,,,,,,,,,,,,,,,,,,,,,,,,,,,,,,,,,,,,,,,,,,,,,,,,,,,,,,,,,,,,,,,,,,,,,,,,,,,,,,,,,,,,,,,,,,,,,,,,,,,,,,,,,,,,,,,,,,,,,,,,,,,,,,,,,,,,,,,,,,,,,,,,,,,,,,,,,,,,,,,,,,,,,,,,,,,,,,,,,,,,,,,,,,,,,,,,,,,,,,,,,,,,,,,,,,,,,,,,,,,,,,,,,,,,,,,,,,,,,,,,,,,,,,,,,,,,,,,,,,,,,,,,,,,,,,,,,,,,,,,,,,,,,,,,,,,,,,,,,,,,,,,,,,,,,,,,,,,,,,,,,,,,,,,,,,,,,,,,,,,,,,,,,,,,,,,,,,,,,,,,,,,,,,,,,,,,,,,,,,,,,,,,,,,,,,,,,,,,,,,,,,,,,,,,,,,,,,,,,,,,,,,,,,,,,,,,,,,,,,,,,,,,,,,,,,,,,,,,,,,,,,,,,,,,,,,,,,,,,,,,,,,,,,,,,,,,,,,,,,,,,,,,,,,
46,,,,,,,,,,,,,,,,,,,,,,,,,,,,,,,,,,,,,,,,,,,,,,,,,,,,,,,,,,,,,,,,,,,,,,,,,,,,,,,,,,,,,,,,,,,,,,,,,,,,,,,,,,,,,,,,,,,,,,,,,,,,,,,,,,,,,,,,,,,,,,,,,,,,,,,,,,,,,,,,,,,,,,,,,,,,,,,,,,,,,,,,,,,,,,,,,,,,,,,,,,,,,,,,,,,,,,,,,,,,,,,,,,,,,,,,,,,,,,,,,,,,,,,,,,,,,,,,,,,,,,,,,,,,,,,,,,,,,,,,,,,,,,,,,,,,,,,,,,,,,,,,,,,,,,,,,,,,,,,,,,,,,,,,,,,,,,,,,,,,,,,,,,,,,,,,,,,,,,,,,,,,,,,,,,,,,,,,,,,,,,,,,,,,,,,,,,,,,,,,,,,,,,,,,,,,,,,,,,,,,,,,,,,,,,,,,,,,,,,,,,,,,,,,,,,,,,,,,,,,,,,,,,,,,,,,,,,,,,,,,,,,,,,,,,,,,,,,,,,,,,,,,,,,,,,,,,,,,,,,,,,,,,,,,,,,,,,,,,,,,,,,,,,,,,,,,,,,,,,,,,,,,,,,,,,,,,,,,,,,,,,,,,,,,,,,,,,,,,,,,,,,,,,,,,,,,,,,,,,,,,,,,,,,,,,,,,,,,,,,,,,,,,,,,,,,,,,,,,,,,,,,,,,,,,,,,,,,,,,,,,,,,,,,,,,,,,,,,,,,,,,,,,,,,,,,,,,,,,,,,,,,,,,,,,,,,,,,,,,,,,,,,,,,,,,,,,,,,,,,,,,,,,,,,,,,,,,
47,,,,,,,,,,,,,,,,,,,,,,,,,,,,,,,,,,,,,,,,,,,,,,,,,,,,,,,,,,,,,,,,,,,,,,,,,,,,,,,,,,,,,,,,,,,,,,,,,,,,,,,,,,,,,,,,,,,,,,,,,,,,,,,,,,,,,,,,,,,,,,,,,,,,,,,,,,,,,,,,,,,,,,,,,,,,,,,,,,,,,,,,,,,,,,,,,,,,,,,,,,,,,,,,,,,,,,,,,,,,,,,,,,,,,,,,,,,,,,,,,,,,,,,,,,,,,,,,,,,,,,,,,,,,,,,,,,,,,,,,,,,,,,,,,,,,,,,,,,,,,,,,,,,,,,,,,,,,,,,,,,,,,,,,,,,,,,,,,,,,,,,,,,,,,,,,,,,,,,,,,,,,,,,,,,,,,,,,,,,,,,,,,,,,,,,,,,,,,,,,,,,,,,,,,,,,,,,,,,,,,,,,,,,,,,,,,,,,,,,,,,,,,,,,,,,,,,,,,,,,,,,,,,,,,,,,,,,,,,,,,,,,,,,,,,,,,,,,,,,,,,,,,,,,,,,,,,,,,,,,,,,,,,,,,,,,,,,,,,,,,,,,,,,,,,,,,,,,,,,,,,,,,,,,,,,,,,,,,,,,,,,,,,,,,,,,,,,,,,,,,,,,,,,,,,,,,,,,,,,,,,,,,,,,,,,,,,,,,,,,,,,,,,,,,,,,,,,,,,,,,,,,,,,,,,,,,,,,,,,,,,,,,,,,,,,,,,,,,,,,,,,,,,,,,,,,,,,,,,,,,,,,,,,,,,,,,,,,,,,,,,,,,,,,,,,,,,,,,,,,,,,,,,,,,,,,,,,
48,,,,,,,,,,,,,,,,,,,,,,,,,,,,,,,,,,,,,,,,,,,,,,,,,,,,,,,,,,,,,,,,,,,,,,,,,,,,,,,,,,,,,,,,,,,,,,,,,,,,,,,,,,,,,,,,,,,,,,,,,,,,,,,,,,,,,,,,,,,,,,,,,,,,,,,,,,,,,,,,,,,,,,,,,,,,,,,,,,,,,,,,,,,,,,,,,,,,,,,,,,,,,,,,,,,,,,,,,,,,,,,,,,,,,,,,,,,,,,,,,,,,,,,,,,,,,,,,,,,,,,,,,,,,,,,,,,,,,,,,,,,,,,,,,,,,,,,,,,,,,,,,,,,,,,,,,,,,,,,,,,,,,,,,,,,,,,,,,,,,,,,,,,,,,,,,,,,,,,,,,,,,,,,,,,,,,,,,,,,,,,,,,,,,,,,,,,,,,,,,,,,,,,,,,,,,,,,,,,,,,,,,,,,,,,,,,,,,,,,,,,,,,,,,,,,,,,,,,,,,,,,,,,,,,,,,,,,,,,,,,,,,,,,,,,,,,,,,,,,,,,,,,,,,,,,,,,,,,,,,,,,,,,,,,,,,,,,,,,,,,,,,,,,,,,,,,,,,,,,,,,,,,,,,,,,,,,,,,,,,,,,,,,,,,,,,,,,,,,,,,,,,,,,,,,,,,,,,,,,,,,,,,,,,,,,,,,,,,,,,,,,,,,,,,,,,,,,,,,,,,,,,,,,,,,,,,,,,,,,,,,,,,,,,,,,,,,,,,,,,,,,,,,,,,,,,,,,,,,,,,,,,,,,,,,,,,,,,,,,,,,,,,,,,,,,,,,,,,,,,,,,,,,,,,,,,,,,
49,,,,,,,,,,,,,,,,,,,,,,,,,,,,,,,,,,,,,,,,,,,,,,,,,,,,,,,,,,,,,,,,,,,,,,,,,,,,,,,,,,,,,,,,,,,,,,,,,,,,,,,,,,,,,,,,,,,,,,,,,,,,,,,,,,,,,,,,,,,,,,,,,,,,,,,,,,,,,,,,,,,,,,,,,,,,,,,,,,,,,,,,,,,,,,,,,,,,,,,,,,,,,,,,,,,,,,,,,,,,,,,,,,,,,,,,,,,,,,,,,,,,,,,,,,,,,,,,,,,,,,,,,,,,,,,,,,,,,,,,,,,,,,,,,,,,,,,,,,,,,,,,,,,,,,,,,,,,,,,,,,,,,,,,,,,,,,,,,,,,,,,,,,,,,,,,,,,,,,,,,,,,,,,,,,,,,,,,,,,,,,,,,,,,,,,,,,,,,,,,,,,,,,,,,,,,,,,,,,,,,,,,,,,,,,,,,,,,,,,,,,,,,,,,,,,,,,,,,,,,,,,,,,,,,,,,,,,,,,,,,,,,,,,,,,,,,,,,,,,,,,,,,,,,,,,,,,,,,,,,,,,,,,,,,,,,,,,,,,,,,,,,,,,,,,,,,,,,,,,,,,,,,,,,,,,,,,,,,,,,,,,,,,,,,,,,,,,,,,,,,,,,,,,,,,,,,,,,,,,,,,,,,,,,,,,,,,,,,,,,,,,,,,,,,,,,,,,,,,,,,,,,,,,,,,,,,,,,,,,,,,,,,,,,,,,,,,,,,,,,,,,,,,,,,,,,,,,,,,,,,,,,,,,,,,,,,,,,,,,,,,,,,,,,,,,,,,,,,,,,,,,,,,,,,,,,,,,
50,,,,,,,,,,,,,,,,,,,,,,,,,,,,,,,,,,,,,,,,,,,,,,,,,,,,,,,,,,,,,,,,,,,,,,,,,,,,,,,,,,,,,,,,,,,,,,,,,,,,,,,,,,,,,,,,,,,,,,,,,,,,,,,,,,,,,,,,,,,,,,,,,,,,,,,,,,,,,,,,,,,,,,,,,,,,,,,,,,,,,,,,,,,,,,,,,,,,,,,,,,,,,,,,,,,,,,,,,,,,,,,,,,,,,,,,,,,,,,,,,,,,,,,,,,,,,,,,,,,,,,,,,,,,,,,,,,,,,,,,,,,,,,,,,,,,,,,,,,,,,,,,,,,,,,,,,,,,,,,,,,,,,,,,,,,,,,,,,,,,,,,,,,,,,,,,,,,,,,,,,,,,,,,,,,,,,,,,,,,,,,,,,,,,,,,,,,,,,,,,,,,,,,,,,,,,,,,,,,,,,,,,,,,,,,,,,,,,,,,,,,,,,,,,,,,,,,,,,,,,,,,,,,,,,,,,,,,,,,,,,,,,,,,,,,,,,,,,,,,,,,,,,,,,,,,,,,,,,,,,,,,,,,,,,,,,,,,,,,,,,,,,,,,,,,,,,,,,,,,,,,,,,,,,,,,,,,,,,,,,,,,,,,,,,,,,,,,,,,,,,,,,,,,,,,,,,,,,,,,,,,,,,,,,,,,,,,,,,,,,,,,,,,,,,,,,,,,,,,,,,,,,,,,,,,,,,,,,,,,,,,,,,,,,,,,,,,,,,,,,,,,,,,,,,,,,,,,,,,,,,,,,,,,,,,,,,,,,,,,,,,,,,,,,,,,,,,,,,,,,,,,,,,,,,,,,,,,
51,,,,,,,,,,,,,,,,,,,,,,,,,,,,,,,,,,,,,,,,,,,,,,,,,,,,,,,,,,,,,,,,,,,,,,,,,,,,,,,,,,,,,,,,,,,,,,,,,,,,,,,,,,,,,,,,,,,,,,,,,,,,,,,,,,,,,,,,,,,,,,,,,,,,,,,,,,,,,,,,,,,,,,,,,,,,,,,,,,,,,,,,,,,,,,,,,,,,,,,,,,,,,,,,,,,,,,,,,,,,,,,,,,,,,,,,,,,,,,,,,,,,,,,,,,,,,,,,,,,,,,,,,,,,,,,,,,,,,,,,,,,,,,,,,,,,,,,,,,,,,,,,,,,,,,,,,,,,,,,,,,,,,,,,,,,,,,,,,,,,,,,,,,,,,,,,,,,,,,,,,,,,,,,,,,,,,,,,,,,,,,,,,,,,,,,,,,,,,,,,,,,,,,,,,,,,,,,,,,,,,,,,,,,,,,,,,,,,,,,,,,,,,,,,,,,,,,,,,,,,,,,,,,,,,,,,,,,,,,,,,,,,,,,,,,,,,,,,,,,,,,,,,,,,,,,,,,,,,,,,,,,,,,,,,,,,,,,,,,,,,,,,,,,,,,,,,,,,,,,,,,,,,,,,,,,,,,,,,,,,,,,,,,,,,,,,,,,,,,,,,,,,,,,,,,,,,,,,,,,,,,,,,,,,,,,,,,,,,,,,,,,,,,,,,,,,,,,,,,,,,,,,,,,,,,,,,,,,,,,,,,,,,,,,,,,,,,,,,,,,,,,,,,,,,,,,,,,,,,,,,,,,,,,,,,,,,,,,,,,,,,,,,,,,,,,,,,,,,,,,,,,,,,,,,,,,,,,
52,,,,,,,,,,,,,,,,,,,,,,,,,,,,,,,,,,,,,,,,,,,,,,,,,,,,,,,,,,,,,,,,,,,,,,,,,,,,,,,,,,,,,,,,,,,,,,,,,,,,,,,,,,,,,,,,,,,,,,,,,,,,,,,,,,,,,,,,,,,,,,,,,,,,,,,,,,,,,,,,,,,,,,,,,,,,,,,,,,,,,,,,,,,,,,,,,,,,,,,,,,,,,,,,,,,,,,,,,,,,,,,,,,,,,,,,,,,,,,,,,,,,,,,,,,,,,,,,,,,,,,,,,,,,,,,,,,,,,,,,,,,,,,,,,,,,,,,,,,,,,,,,,,,,,,,,,,,,,,,,,,,,,,,,,,,,,,,,,,,,,,,,,,,,,,,,,,,,,,,,,,,,,,,,,,,,,,,,,,,,,,,,,,,,,,,,,,,,,,,,,,,,,,,,,,,,,,,,,,,,,,,,,,,,,,,,,,,,,,,,,,,,,,,,,,,,,,,,,,,,,,,,,,,,,,,,,,,,,,,,,,,,,,,,,,,,,,,,,,,,,,,,,,,,,,,,,,,,,,,,,,,,,,,,,,,,,,,,,,,,,,,,,,,,,,,,,,,,,,,,,,,,,,,,,,,,,,,,,,,,,,,,,,,,,,,,,,,,,,,,,,,,,,,,,,,,,,,,,,,,,,,,,,,,,,,,,,,,,,,,,,,,,,,,,,,,,,,,,,,,,,,,,,,,,,,,,,,,,,,,,,,,,,,,,,,,,,,,,,,,,,,,,,,,,,,,,,,,,,,,,,,,,,,,,,,,,,,,,,,,,,,,,,,,,,,,,,,,,,,,,,,,,,,,,,,,,,,
53,,,,,,,,,,,,,,,,,,,,,,,,,,,,,,,,,,,,,,,,,,,,,,,,,,,,,,,,,,,,,,,,,,,,,,,,,,,,,,,,,,,,,,,,,,,,,,,,,,,,,,,,,,,,,,,,,,,,,,,,,,,,,,,,,,,,,,,,,,,,,,,,,,,,,,,,,,,,,,,,,,,,,,,,,,,,,,,,,,,,,,,,,,,,,,,,,,,,,,,,,,,,,,,,,,,,,,,,,,,,,,,,,,,,,,,,,,,,,,,,,,,,,,,,,,,,,,,,,,,,,,,,,,,,,,,,,,,,,,,,,,,,,,,,,,,,,,,,,,,,,,,,,,,,,,,,,,,,,,,,,,,,,,,,,,,,,,,,,,,,,,,,,,,,,,,,,,,,,,,,,,,,,,,,,,,,,,,,,,,,,,,,,,,,,,,,,,,,,,,,,,,,,,,,,,,,,,,,,,,,,,,,,,,,,,,,,,,,,,,,,,,,,,,,,,,,,,,,,,,,,,,,,,,,,,,,,,,,,,,,,,,,,,,,,,,,,,,,,,,,,,,,,,,,,,,,,,,,,,,,,,,,,,,,,,,,,,,,,,,,,,,,,,,,,,,,,,,,,,,,,,,,,,,,,,,,,,,,,,,,,,,,,,,,,,,,,,,,,,,,,,,,,,,,,,,,,,,,,,,,,,,,,,,,,,,,,,,,,,,,,,,,,,,,,,,,,,,,,,,,,,,,,,,,,,,,,,,,,,,,,,,,,,,,,,,,,,,,,,,,,,,,,,,,,,,,,,,,,,,,,,,,,,,,,,,,,,,,,,,,,,,,,,,,,,,,,,,,,,,,,,,,,,,,,,,,,,,
54,,,,,,,,,,,,,,,,,,,,,,,,,,,,,,,,,,,,,,,,,,,,,,,,,,,,,,,,,,,,,,,,,,,,,,,,,,,,,,,,,,,,,,,,,,,,,,,,,,,,,,,,,,,,,,,,,,,,,,,,,,,,,,,,,,,,,,,,,,,,,,,,,,,,,,,,,,,,,,,,,,,,,,,,,,,,,,,,,,,,,,,,,,,,,,,,,,,,,,,,,,,,,,,,,,,,,,,,,,,,,,,,,,,,,,,,,,,,,,,,,,,,,,,,,,,,,,,,,,,,,,,,,,,,,,,,,,,,,,,,,,,,,,,,,,,,,,,,,,,,,,,,,,,,,,,,,,,,,,,,,,,,,,,,,,,,,,,,,,,,,,,,,,,,,,,,,,,,,,,,,,,,,,,,,,,,,,,,,,,,,,,,,,,,,,,,,,,,,,,,,,,,,,,,,,,,,,,,,,,,,,,,,,,,,,,,,,,,,,,,,,,,,,,,,,,,,,,,,,,,,,,,,,,,,,,,,,,,,,,,,,,,,,,,,,,,,,,,,,,,,,,,,,,,,,,,,,,,,,,,,,,,,,,,,,,,,,,,,,,,,,,,,,,,,,,,,,,,,,,,,,,,,,,,,,,,,,,,,,,,,,,,,,,,,,,,,,,,,,,,,,,,,,,,,,,,,,,,,,,,,,,,,,,,,,,,,,,,,,,,,,,,,,,,,,,,,,,,,,,,,,,,,,,,,,,,,,,,,,,,,,,,,,,,,,,,,,,,,,,,,,,,,,,,,,,,,,,,,,,,,,,,,,,,,,,,,,,,,,,,,,,,,,,,,,,,,,,,,,,,,,,,,,,,,,,,,,,
55,,,,,,,,,,,,,,,,,,,,,,,,,,,,,,,,,,,,,,,,,,,,,,,,,,,,,,,,,,,,,,,,,,,,,,,,,,,,,,,,,,,,,,,,,,,,,,,,,,,,,,,,,,,,,,,,,,,,,,,,,,,,,,,,,,,,,,,,,,,,,,,,,,,,,,,,,,,,,,,,,,,,,,,,,,,,,,,,,,,,,,,,,,,,,,,,,,,,,,,,,,,,,,,,,,,,,,,,,,,,,,,,,,,,,,,,,,,,,,,,,,,,,,,,,,,,,,,,,,,,,,,,,,,,,,,,,,,,,,,,,,,,,,,,,,,,,,,,,,,,,,,,,,,,,,,,,,,,,,,,,,,,,,,,,,,,,,,,,,,,,,,,,,,,,,,,,,,,,,,,,,,,,,,,,,,,,,,,,,,,,,,,,,,,,,,,,,,,,,,,,,,,,,,,,,,,,,,,,,,,,,,,,,,,,,,,,,,,,,,,,,,,,,,,,,,,,,,,,,,,,,,,,,,,,,,,,,,,,,,,,,,,,,,,,,,,,,,,,,,,,,,,,,,,,,,,,,,,,,,,,,,,,,,,,,,,,,,,,,,,,,,,,,,,,,,,,,,,,,,,,,,,,,,,,,,,,,,,,,,,,,,,,,,,,,,,,,,,,,,,,,,,,,,,,,,,,,,,,,,,,,,,,,,,,,,,,,,,,,,,,,,,,,,,,,,,,,,,,,,,,,,,,,,,,,,,,,,,,,,,,,,,,,,,,,,,,,,,,,,,,,,,,,,,,,,,,,,,,,,,,,,,,,,,,,,,,,,,,,,,,,,,,,,,,,,,,,,,,,,,,,,,,,,,,,,,,,,
56,,,,,,,,,,,,,,,,,,,,,,,,,,,,,,,,,,,,,,,,,,,,,,,,,,,,,,,,,,,,,,,,,,,,,,,,,,,,,,,,,,,,,,,,,,,,,,,,,,,,,,,,,,,,,,,,,,,,,,,,,,,,,,,,,,,,,,,,,,,,,,,,,,,,,,,,,,,,,,,,,,,,,,,,,,,,,,,,,,,,,,,,,,,,,,,,,,,,,,,,,,,,,,,,,,,,,,,,,,,,,,,,,,,,,,,,,,,,,,,,,,,,,,,,,,,,,,,,,,,,,,,,,,,,,,,,,,,,,,,,,,,,,,,,,,,,,,,,,,,,,,,,,,,,,,,,,,,,,,,,,,,,,,,,,,,,,,,,,,,,,,,,,,,,,,,,,,,,,,,,,,,,,,,,,,,,,,,,,,,,,,,,,,,,,,,,,,,,,,,,,,,,,,,,,,,,,,,,,,,,,,,,,,,,,,,,,,,,,,,,,,,,,,,,,,,,,,,,,,,,,,,,,,,,,,,,,,,,,,,,,,,,,,,,,,,,,,,,,,,,,,,,,,,,,,,,,,,,,,,,,,,,,,,,,,,,,,,,,,,,,,,,,,,,,,,,,,,,,,,,,,,,,,,,,,,,,,,,,,,,,,,,,,,,,,,,,,,,,,,,,,,,,,,,,,,,,,,,,,,,,,,,,,,,,,,,,,,,,,,,,,,,,,,,,,,,,,,,,,,,,,,,,,,,,,,,,,,,,,,,,,,,,,,,,,,,,,,,,,,,,,,,,,,,,,,,,,,,,,,,,,,,,,,,,,,,,,,,,,,,,,,,,,,,,,,,,,,,,,,,,,,,,,,,,,,,,,,
57,,,,,,,,,,,,,,,,,,,,,,,,,,,,,,,,,,,,,,,,,,,,,,,,,,,,,,,,,,,,,,,,,,,,,,,,,,,,,,,,,,,,,,,,,,,,,,,,,,,,,,,,,,,,,,,,,,,,,,,,,,,,,,,,,,,,,,,,,,,,,,,,,,,,,,,,,,,,,,,,,,,,,,,,,,,,,,,,,,,,,,,,,,,,,,,,,,,,,,,,,,,,,,,,,,,,,,,,,,,,,,,,,,,,,,,,,,,,,,,,,,,,,,,,,,,,,,,,,,,,,,,,,,,,,,,,,,,,,,,,,,,,,,,,,,,,,,,,,,,,,,,,,,,,,,,,,,,,,,,,,,,,,,,,,,,,,,,,,,,,,,,,,,,,,,,,,,,,,,,,,,,,,,,,,,,,,,,,,,,,,,,,,,,,,,,,,,,,,,,,,,,,,,,,,,,,,,,,,,,,,,,,,,,,,,,,,,,,,,,,,,,,,,,,,,,,,,,,,,,,,,,,,,,,,,,,,,,,,,,,,,,,,,,,,,,,,,,,,,,,,,,,,,,,,,,,,,,,,,,,,,,,,,,,,,,,,,,,,,,,,,,,,,,,,,,,,,,,,,,,,,,,,,,,,,,,,,,,,,,,,,,,,,,,,,,,,,,,,,,,,,,,,,,,,,,,,,,,,,,,,,,,,,,,,,,,,,,,,,,,,,,,,,,,,,,,,,,,,,,,,,,,,,,,,,,,,,,,,,,,,,,,,,,,,,,,,,,,,,,,,,,,,,,,,,,,,,,,,,,,,,,,,,,,,,,,,,,,,,,,,,,,,,,,,,,,,,,,,,,,,,,,,,,,,,,,,,,
58,,,,,,,,,,,,,,,,,,,,,,,,,,,,,,,,,,,,,,,,,,,,,,,,,,,,,,,,,,,,,,,,,,,,,,,,,,,,,,,,,,,,,,,,,,,,,,,,,,,,,,,,,,,,,,,,,,,,,,,,,,,,,,,,,,,,,,,,,,,,,,,,,,,,,,,,,,,,,,,,,,,,,,,,,,,,,,,,,,,,,,,,,,,,,,,,,,,,,,,,,,,,,,,,,,,,,,,,,,,,,,,,,,,,,,,,,,,,,,,,,,,,,,,,,,,,,,,,,,,,,,,,,,,,,,,,,,,,,,,,,,,,,,,,,,,,,,,,,,,,,,,,,,,,,,,,,,,,,,,,,,,,,,,,,,,,,,,,,,,,,,,,,,,,,,,,,,,,,,,,,,,,,,,,,,,,,,,,,,,,,,,,,,,,,,,,,,,,,,,,,,,,,,,,,,,,,,,,,,,,,,,,,,,,,,,,,,,,,,,,,,,,,,,,,,,,,,,,,,,,,,,,,,,,,,,,,,,,,,,,,,,,,,,,,,,,,,,,,,,,,,,,,,,,,,,,,,,,,,,,,,,,,,,,,,,,,,,,,,,,,,,,,,,,,,,,,,,,,,,,,,,,,,,,,,,,,,,,,,,,,,,,,,,,,,,,,,,,,,,,,,,,,,,,,,,,,,,,,,,,,,,,,,,,,,,,,,,,,,,,,,,,,,,,,,,,,,,,,,,,,,,,,,,,,,,,,,,,,,,,,,,,,,,,,,,,,,,,,,,,,,,,,,,,,,,,,,,,,,,,,,,,,,,,,,,,,,,,,,,,,,,,,,,,,,,,,,,,,,,,,,,,,,,,,,,,,,,
59,,,,,,,,,,,,,,,,,,,,,,,,,,,,,,,,,,,,,,,,,,,,,,,,,,,,,,,,,,,,,,,,,,,,,,,,,,,,,,,,,,,,,,,,,,,,,,,,,,,,,,,,,,,,,,,,,,,,,,,,,,,,,,,,,,,,,,,,,,,,,,,,,,,,,,,,,,,,,,,,,,,,,,,,,,,,,,,,,,,,,,,,,,,,,,,,,,,,,,,,,,,,,,,,,,,,,,,,,,,,,,,,,,,,,,,,,,,,,,,,,,,,,,,,,,,,,,,,,,,,,,,,,,,,,,,,,,,,,,,,,,,,,,,,,,,,,,,,,,,,,,,,,,,,,,,,,,,,,,,,,,,,,,,,,,,,,,,,,,,,,,,,,,,,,,,,,,,,,,,,,,,,,,,,,,,,,,,,,,,,,,,,,,,,,,,,,,,,,,,,,,,,,,,,,,,,,,,,,,,,,,,,,,,,,,,,,,,,,,,,,,,,,,,,,,,,,,,,,,,,,,,,,,,,,,,,,,,,,,,,,,,,,,,,,,,,,,,,,,,,,,,,,,,,,,,,,,,,,,,,,,,,,,,,,,,,,,,,,,,,,,,,,,,,,,,,,,,,,,,,,,,,,,,,,,,,,,,,,,,,,,,,,,,,,,,,,,,,,,,,,,,,,,,,,,,,,,,,,,,,,,,,,,,,,,,,,,,,,,,,,,,,,,,,,,,,,,,,,,,,,,,,,,,,,,,,,,,,,,,,,,,,,,,,,,,,,,,,,,,,,,,,,,,,,,,,,,,,,,,,,,,,,,,,,,,,,,,,,,,,,,,,,,,,,,,,,,,,,,,,,,,,,,,,,,,,,,,
60,,,,,,,,,,,,,,,,,,,,,,,,,,,,,,,,,,,,,,,,,,,,,,,,,,,,,,,,,,,,,,,,,,,,,,,,,,,,,,,,,,,,,,,,,,,,,,,,,,,,,,,,,,,,,,,,,,,,,,,,,,,,,,,,,,,,,,,,,,,,,,,,,,,,,,,,,,,,,,,,,,,,,,,,,,,,,,,,,,,,,,,,,,,,,,,,,,,,,,,,,,,,,,,,,,,,,,,,,,,,,,,,,,,,,,,,,,,,,,,,,,,,,,,,,,,,,,,,,,,,,,,,,,,,,,,,,,,,,,,,,,,,,,,,,,,,,,,,,,,,,,,,,,,,,,,,,,,,,,,,,,,,,,,,,,,,,,,,,,,,,,,,,,,,,,,,,,,,,,,,,,,,,,,,,,,,,,,,,,,,,,,,,,,,,,,,,,,,,,,,,,,,,,,,,,,,,,,,,,,,,,,,,,,,,,,,,,,,,,,,,,,,,,,,,,,,,,,,,,,,,,,,,,,,,,,,,,,,,,,,,,,,,,,,,,,,,,,,,,,,,,,,,,,,,,,,,,,,,,,,,,,,,,,,,,,,,,,,,,,,,,,,,,,,,,,,,,,,,,,,,,,,,,,,,,,,,,,,,,,,,,,,,,,,,,,,,,,,,,,,,,,,,,,,,,,,,,,,,,,,,,,,,,,,,,,,,,,,,,,,,,,,,,,,,,,,,,,,,,,,,,,,,,,,,,,,,,,,,,,,,,,,,,,,,,,,,,,,,,,,,,,,,,,,,,,,,,,,,,,,,,,,,,,,,,,,,,,,,,,,,,,,,,,,,,,,,,,,,,,,,,,,,,,,,,,,,,,
61,,,,,,,,,,,,,,,,,,,,,,,,,,,,,,,,,,,,,,,,,,,,,,,,,,,,,,,,,,,,,,,,,,,,,,,,,,,,,,,,,,,,,,,,,,,,,,,,,,,,,,,,,,,,,,,,,,,,,,,,,,,,,,,,,,,,,,,,,,,,,,,,,,,,,,,,,,,,,,,,,,,,,,,,,,,,,,,,,,,,,,,,,,,,,,,,,,,,,,,,,,,,,,,,,,,,,,,,,,,,,,,,,,,,,,,,,,,,,,,,,,,,,,,,,,,,,,,,,,,,,,,,,,,,,,,,,,,,,,,,,,,,,,,,,,,,,,,,,,,,,,,,,,,,,,,,,,,,,,,,,,,,,,,,,,,,,,,,,,,,,,,,,,,,,,,,,,,,,,,,,,,,,,,,,,,,,,,,,,,,,,,,,,,,,,,,,,,,,,,,,,,,,,,,,,,,,,,,,,,,,,,,,,,,,,,,,,,,,,,,,,,,,,,,,,,,,,,,,,,,,,,,,,,,,,,,,,,,,,,,,,,,,,,,,,,,,,,,,,,,,,,,,,,,,,,,,,,,,,,,,,,,,,,,,,,,,,,,,,,,,,,,,,,,,,,,,,,,,,,,,,,,,,,,,,,,,,,,,,,,,,,,,,,,,,,,,,,,,,,,,,,,,,,,,,,,,,,,,,,,,,,,,,,,,,,,,,,,,,,,,,,,,,,,,,,,,,,,,,,,,,,,,,,,,,,,,,,,,,,,,,,,,,,,,,,,,,,,,,,,,,,,,,,,,,,,,,,,,,,,,,,,,,,,,,,,,,,,,,,,,,,,,,,,,,,,,,,,,,,,,,,,,,,,,,,,,,,
62,,,,,,,,,,,,,,,,,,,,,,,,,,,,,,,,,,,,,,,,,,,,,,,,,,,,,,,,,,,,,,,,,,,,,,,,,,,,,,,,,,,,,,,,,,,,,,,,,,,,,,,,,,,,,,,,,,,,,,,,,,,,,,,,,,,,,,,,,,,,,,,,,,,,,,,,,,,,,,,,,,,,,,,,,,,,,,,,,,,,,,,,,,,,,,,,,,,,,,,,,,,,,,,,,,,,,,,,,,,,,,,,,,,,,,,,,,,,,,,,,,,,,,,,,,,,,,,,,,,,,,,,,,,,,,,,,,,,,,,,,,,,,,,,,,,,,,,,,,,,,,,,,,,,,,,,,,,,,,,,,,,,,,,,,,,,,,,,,,,,,,,,,,,,,,,,,,,,,,,,,,,,,,,,,,,,,,,,,,,,,,,,,,,,,,,,,,,,,,,,,,,,,,,,,,,,,,,,,,,,,,,,,,,,,,,,,,,,,,,,,,,,,,,,,,,,,,,,,,,,,,,,,,,,,,,,,,,,,,,,,,,,,,,,,,,,,,,,,,,,,,,,,,,,,,,,,,,,,,,,,,,,,,,,,,,,,,,,,,,,,,,,,,,,,,,,,,,,,,,,,,,,,,,,,,,,,,,,,,,,,,,,,,,,,,,,,,,,,,,,,,,,,,,,,,,,,,,,,,,,,,,,,,,,,,,,,,,,,,,,,,,,,,,,,,,,,,,,,,,,,,,,,,,,,,,,,,,,,,,,,,,,,,,,,,,,,,,,,,,,,,,,,,,,,,,,,,,,,,,,,,,,,,,,,,,,,,,,,,,,,,,,,,,,,,,,,,,,,,,,,,,,,,,,,,,,,,,
63,,,,,,,,,,,,,,,,,,,,,,,,,,,,,,,,,,,,,,,,,,,,,,,,,,,,,,,,,,,,,,,,,,,,,,,,,,,,,,,,,,,,,,,,,,,,,,,,,,,,,,,,,,,,,,,,,,,,,,,,,,,,,,,,,,,,,,,,,,,,,,,,,,,,,,,,,,,,,,,,,,,,,,,,,,,,,,,,,,,,,,,,,,,,,,,,,,,,,,,,,,,,,,,,,,,,,,,,,,,,,,,,,,,,,,,,,,,,,,,,,,,,,,,,,,,,,,,,,,,,,,,,,,,,,,,,,,,,,,,,,,,,,,,,,,,,,,,,,,,,,,,,,,,,,,,,,,,,,,,,,,,,,,,,,,,,,,,,,,,,,,,,,,,,,,,,,,,,,,,,,,,,,,,,,,,,,,,,,,,,,,,,,,,,,,,,,,,,,,,,,,,,,,,,,,,,,,,,,,,,,,,,,,,,,,,,,,,,,,,,,,,,,,,,,,,,,,,,,,,,,,,,,,,,,,,,,,,,,,,,,,,,,,,,,,,,,,,,,,,,,,,,,,,,,,,,,,,,,,,,,,,,,,,,,,,,,,,,,,,,,,,,,,,,,,,,,,,,,,,,,,,,,,,,,,,,,,,,,,,,,,,,,,,,,,,,,,,,,,,,,,,,,,,,,,,,,,,,,,,,,,,,,,,,,,,,,,,,,,,,,,,,,,,,,,,,,,,,,,,,,,,,,,,,,,,,,,,,,,,,,,,,,,,,,,,,,,,,,,,,,,,,,,,,,,,,,,,,,,,,,,,,,,,,,,,,,,,,,,,,,,,,,,,,,,,,,,,,,,,,,,,,,,,,,,,,,,,
64,,,,,,,,,,,,,,,,,,,,,,,,,,,,,,,,,,,,,,,,,,,,,,,,,,,,,,,,,,,,,,,,,,,,,,,,,,,,,,,,,,,,,,,,,,,,,,,,,,,,,,,,,,,,,,,,,,,,,,,,,,,,,,,,,,,,,,,,,,,,,,,,,,,,,,,,,,,,,,,,,,,,,,,,,,,,,,,,,,,,,,,,,,,,,,,,,,,,,,,,,,,,,,,,,,,,,,,,,,,,,,,,,,,,,,,,,,,,,,,,,,,,,,,,,,,,,,,,,,,,,,,,,,,,,,,,,,,,,,,,,,,,,,,,,,,,,,,,,,,,,,,,,,,,,,,,,,,,,,,,,,,,,,,,,,,,,,,,,,,,,,,,,,,,,,,,,,,,,,,,,,,,,,,,,,,,,,,,,,,,,,,,,,,,,,,,,,,,,,,,,,,,,,,,,,,,,,,,,,,,,,,,,,,,,,,,,,,,,,,,,,,,,,,,,,,,,,,,,,,,,,,,,,,,,,,,,,,,,,,,,,,,,,,,,,,,,,,,,,,,,,,,,,,,,,,,,,,,,,,,,,,,,,,,,,,,,,,,,,,,,,,,,,,,,,,,,,,,,,,,,,,,,,,,,,,,,,,,,,,,,,,,,,,,,,,,,,,,,,,,,,,,,,,,,,,,,,,,,,,,,,,,,,,,,,,,,,,,,,,,,,,,,,,,,,,,,,,,,,,,,,,,,,,,,,,,,,,,,,,,,,,,,,,,,,,,,,,,,,,,,,,,,,,,,,,,,,,,,,,,,,,,,,,,,,,,,,,,,,,,,,,,,,,,,,,,,,,,,,,,,,,,,,,,,,,,,,,
65,,,,,,,,,,,,,,,,,,,,,,,,,,,,,,,,,,,,,,,,,,,,,,,,,,,,,,,,,,,,,,,,,,,,,,,,,,,,,,,,,,,,,,,,,,,,,,,,,,,,,,,,,,,,,,,,,,,,,,,,,,,,,,,,,,,,,,,,,,,,,,,,,,,,,,,,,,,,,,,,,,,,,,,,,,,,,,,,,,,,,,,,,,,,,,,,,,,,,,,,,,,,,,,,,,,,,,,,,,,,,,,,,,,,,,,,,,,,,,,,,,,,,,,,,,,,,,,,,,,,,,,,,,,,,,,,,,,,,,,,,,,,,,,,,,,,,,,,,,,,,,,,,,,,,,,,,,,,,,,,,,,,,,,,,,,,,,,,,,,,,,,,,,,,,,,,,,,,,,,,,,,,,,,,,,,,,,,,,,,,,,,,,,,,,,,,,,,,,,,,,,,,,,,,,,,,,,,,,,,,,,,,,,,,,,,,,,,,,,,,,,,,,,,,,,,,,,,,,,,,,,,,,,,,,,,,,,,,,,,,,,,,,,,,,,,,,,,,,,,,,,,,,,,,,,,,,,,,,,,,,,,,,,,,,,,,,,,,,,,,,,,,,,,,,,,,,,,,,,,,,,,,,,,,,,,,,,,,,,,,,,,,,,,,,,,,,,,,,,,,,,,,,,,,,,,,,,,,,,,,,,,,,,,,,,,,,,,,,,,,,,,,,,,,,,,,,,,,,,,,,,,,,,,,,,,,,,,,,,,,,,,,,,,,,,,,,,,,,,,,,,,,,,,,,,,,,,,,,,,,,,,,,,,,,,,,,,,,,,,,,,,,,,,,,,,,,,,,,,,,,,,,,,,,,,,,,,,
66,,,,,,,,,,,,,,,,,,,,,,,,,,,,,,,,,,,,,,,,,,,,,,,,,,,,,,,,,,,,,,,,,,,,,,,,,,,,,,,,,,,,,,,,,,,,,,,,,,,,,,,,,,,,,,,,,,,,,,,,,,,,,,,,,,,,,,,,,,,,,,,,,,,,,,,,,,,,,,,,,,,,,,,,,,,,,,,,,,,,,,,,,,,,,,,,,,,,,,,,,,,,,,,,,,,,,,,,,,,,,,,,,,,,,,,,,,,,,,,,,,,,,,,,,,,,,,,,,,,,,,,,,,,,,,,,,,,,,,,,,,,,,,,,,,,,,,,,,,,,,,,,,,,,,,,,,,,,,,,,,,,,,,,,,,,,,,,,,,,,,,,,,,,,,,,,,,,,,,,,,,,,,,,,,,,,,,,,,,,,,,,,,,,,,,,,,,,,,,,,,,,,,,,,,,,,,,,,,,,,,,,,,,,,,,,,,,,,,,,,,,,,,,,,,,,,,,,,,,,,,,,,,,,,,,,,,,,,,,,,,,,,,,,,,,,,,,,,,,,,,,,,,,,,,,,,,,,,,,,,,,,,,,,,,,,,,,,,,,,,,,,,,,,,,,,,,,,,,,,,,,,,,,,,,,,,,,,,,,,,,,,,,,,,,,,,,,,,,,,,,,,,,,,,,,,,,,,,,,,,,,,,,,,,,,,,,,,,,,,,,,,,,,,,,,,,,,,,,,,,,,,,,,,,,,,,,,,,,,,,,,,,,,,,,,,,,,,,,,,,,,,,,,,,,,,,,,,,,,,,,,,,,,,,,,,,,,,,,,,,,,,,,,,,,,,,,,,,,,,,,,,,,,,,,,,,,,,
67,,,,,,,,,,,,,,,,,,,,,,,,,,,,,,,,,,,,,,,,,,,,,,,,,,,,,,,,,,,,,,,,,,,,,,,,,,,,,,,,,,,,,,,,,,,,,,,,,,,,,,,,,,,,,,,,,,,,,,,,,,,,,,,,,,,,,,,,,,,,,,,,,,,,,,,,,,,,,,,,,,,,,,,,,,,,,,,,,,,,,,,,,,,,,,,,,,,,,,,,,,,,,,,,,,,,,,,,,,,,,,,,,,,,,,,,,,,,,,,,,,,,,,,,,,,,,,,,,,,,,,,,,,,,,,,,,,,,,,,,,,,,,,,,,,,,,,,,,,,,,,,,,,,,,,,,,,,,,,,,,,,,,,,,,,,,,,,,,,,,,,,,,,,,,,,,,,,,,,,,,,,,,,,,,,,,,,,,,,,,,,,,,,,,,,,,,,,,,,,,,,,,,,,,,,,,,,,,,,,,,,,,,,,,,,,,,,,,,,,,,,,,,,,,,,,,,,,,,,,,,,,,,,,,,,,,,,,,,,,,,,,,,,,,,,,,,,,,,,,,,,,,,,,,,,,,,,,,,,,,,,,,,,,,,,,,,,,,,,,,,,,,,,,,,,,,,,,,,,,,,,,,,,,,,,,,,,,,,,,,,,,,,,,,,,,,,,,,,,,,,,,,,,,,,,,,,,,,,,,,,,,,,,,,,,,,,,,,,,,,,,,,,,,,,,,,,,,,,,,,,,,,,,,,,,,,,,,,,,,,,,,,,,,,,,,,,,,,,,,,,,,,,,,,,,,,,,,,,,,,,,,,,,,,,,,,,,,,,,,,,,,,,,,,,,,,,,,,,,,,,,,,,,,,,,,,,,,
68,,,,,,,,,,,,,,,,,,,,,,,,,,,,,,,,,,,,,,,,,,,,,,,,,,,,,,,,,,,,,,,,,,,,,,,,,,,,,,,,,,,,,,,,,,,,,,,,,,,,,,,,,,,,,,,,,,,,,,,,,,,,,,,,,,,,,,,,,,,,,,,,,,,,,,,,,,,,,,,,,,,,,,,,,,,,,,,,,,,,,,,,,,,,,,,,,,,,,,,,,,,,,,,,,,,,,,,,,,,,,,,,,,,,,,,,,,,,,,,,,,,,,,,,,,,,,,,,,,,,,,,,,,,,,,,,,,,,,,,,,,,,,,,,,,,,,,,,,,,,,,,,,,,,,,,,,,,,,,,,,,,,,,,,,,,,,,,,,,,,,,,,,,,,,,,,,,,,,,,,,,,,,,,,,,,,,,,,,,,,,,,,,,,,,,,,,,,,,,,,,,,,,,,,,,,,,,,,,,,,,,,,,,,,,,,,,,,,,,,,,,,,,,,,,,,,,,,,,,,,,,,,,,,,,,,,,,,,,,,,,,,,,,,,,,,,,,,,,,,,,,,,,,,,,,,,,,,,,,,,,,,,,,,,,,,,,,,,,,,,,,,,,,,,,,,,,,,,,,,,,,,,,,,,,,,,,,,,,,,,,,,,,,,,,,,,,,,,,,,,,,,,,,,,,,,,,,,,,,,,,,,,,,,,,,,,,,,,,,,,,,,,,,,,,,,,,,,,,,,,,,,,,,,,,,,,,,,,,,,,,,,,,,,,,,,,,,,,,,,,,,,,,,,,,,,,,,,,,,,,,,,,,,,,,,,,,,,,,,,,,,,,,,,,,,,,,,,,,,,,,,,,,,,,,,,,,,,
69,,,,,,,,,,,,,,,,,,,,,,,,,,,,,,,,,,,,,,,,,,,,,,,,,,,,,,,,,,,,,,,,,,,,,,,,,,,,,,,,,,,,,,,,,,,,,,,,,,,,,,,,,,,,,,,,,,,,,,,,,,,,,,,,,,,,,,,,,,,,,,,,,,,,,,,,,,,,,,,,,,,,,,,,,,,,,,,,,,,,,,,,,,,,,,,,,,,,,,,,,,,,,,,,,,,,,,,,,,,,,,,,,,,,,,,,,,,,,,,,,,,,,,,,,,,,,,,,,,,,,,,,,,,,,,,,,,,,,,,,,,,,,,,,,,,,,,,,,,,,,,,,,,,,,,,,,,,,,,,,,,,,,,,,,,,,,,,,,,,,,,,,,,,,,,,,,,,,,,,,,,,,,,,,,,,,,,,,,,,,,,,,,,,,,,,,,,,,,,,,,,,,,,,,,,,,,,,,,,,,,,,,,,,,,,,,,,,,,,,,,,,,,,,,,,,,,,,,,,,,,,,,,,,,,,,,,,,,,,,,,,,,,,,,,,,,,,,,,,,,,,,,,,,,,,,,,,,,,,,,,,,,,,,,,,,,,,,,,,,,,,,,,,,,,,,,,,,,,,,,,,,,,,,,,,,,,,,,,,,,,,,,,,,,,,,,,,,,,,,,,,,,,,,,,,,,,,,,,,,,,,,,,,,,,,,,,,,,,,,,,,,,,,,,,,,,,,,,,,,,,,,,,,,,,,,,,,,,,,,,,,,,,,,,,,,,,,,,,,,,,,,,,,,,,,,,,,,,,,,,,,,,,,,,,,,,,,,,,,,,,,,,,,,,,,,,,,,,,,,,,,,,,,,,,,,,,,,
70,,,,,,,,,,,,,,,,,,,,,,,,,,,,,,,,,,,,,,,,,,,,,,,,,,,,,,,,,,,,,,,,,,,,,,,,,,,,,,,,,,,,,,,,,,,,,,,,,,,,,,,,,,,,,,,,,,,,,,,,,,,,,,,,,,,,,,,,,,,,,,,,,,,,,,,,,,,,,,,,,,,,,,,,,,,,,,,,,,,,,,,,,,,,,,,,,,,,,,,,,,,,,,,,,,,,,,,,,,,,,,,,,,,,,,,,,,,,,,,,,,,,,,,,,,,,,,,,,,,,,,,,,,,,,,,,,,,,,,,,,,,,,,,,,,,,,,,,,,,,,,,,,,,,,,,,,,,,,,,,,,,,,,,,,,,,,,,,,,,,,,,,,,,,,,,,,,,,,,,,,,,,,,,,,,,,,,,,,,,,,,,,,,,,,,,,,,,,,,,,,,,,,,,,,,,,,,,,,,,,,,,,,,,,,,,,,,,,,,,,,,,,,,,,,,,,,,,,,,,,,,,,,,,,,,,,,,,,,,,,,,,,,,,,,,,,,,,,,,,,,,,,,,,,,,,,,,,,,,,,,,,,,,,,,,,,,,,,,,,,,,,,,,,,,,,,,,,,,,,,,,,,,,,,,,,,,,,,,,,,,,,,,,,,,,,,,,,,,,,,,,,,,,,,,,,,,,,,,,,,,,,,,,,,,,,,,,,,,,,,,,,,,,,,,,,,,,,,,,,,,,,,,,,,,,,,,,,,,,,,,,,,,,,,,,,,,,,,,,,,,,,,,,,,,,,,,,,,,,,,,,,,,,,,,,,,,,,,,,,,,,,,,,,,,,,,,,,,,,,,,,,,,,,,,,,,,,,
71,,,,,,,,,,,,,,,,,,,,,,,,,,,,,,,,,,,,,,,,,,,,,,,,,,,,,,,,,,,,,,,,,,,,,,,,,,,,,,,,,,,,,,,,,,,,,,,,,,,,,,,,,,,,,,,,,,,,,,,,,,,,,,,,,,,,,,,,,,,,,,,,,,,,,,,,,,,,,,,,,,,,,,,,,,,,,,,,,,,,,,,,,,,,,,,,,,,,,,,,,,,,,,,,,,,,,,,,,,,,,,,,,,,,,,,,,,,,,,,,,,,,,,,,,,,,,,,,,,,,,,,,,,,,,,,,,,,,,,,,,,,,,,,,,,,,,,,,,,,,,,,,,,,,,,,,,,,,,,,,,,,,,,,,,,,,,,,,,,,,,,,,,,,,,,,,,,,,,,,,,,,,,,,,,,,,,,,,,,,,,,,,,,,,,,,,,,,,,,,,,,,,,,,,,,,,,,,,,,,,,,,,,,,,,,,,,,,,,,,,,,,,,,,,,,,,,,,,,,,,,,,,,,,,,,,,,,,,,,,,,,,,,,,,,,,,,,,,,,,,,,,,,,,,,,,,,,,,,,,,,,,,,,,,,,,,,,,,,,,,,,,,,,,,,,,,,,,,,,,,,,,,,,,,,,,,,,,,,,,,,,,,,,,,,,,,,,,,,,,,,,,,,,,,,,,,,,,,,,,,,,,,,,,,,,,,,,,,,,,,,,,,,,,,,,,,,,,,,,,,,,,,,,,,,,,,,,,,,,,,,,,,,,,,,,,,,,,,,,,,,,,,,,,,,,,,,,,,,,,,,,,,,,,,,,,,,,,,,,,,,,,,,,,,,,,,,,,,,,,,,,,,,,,,,,,,,,,
72,,,,,,,,,,,,,,,,,,,,,,,,,,,,,,,,,,,,,,,,,,,,,,,,,,,,,,,,,,,,,,,,,,,,,,,,,,,,,,,,,,,,,,,,,,,,,,,,,,,,,,,,,,,,,,,,,,,,,,,,,,,,,,,,,,,,,,,,,,,,,,,,,,,,,,,,,,,,,,,,,,,,,,,,,,,,,,,,,,,,,,,,,,,,,,,,,,,,,,,,,,,,,,,,,,,,,,,,,,,,,,,,,,,,,,,,,,,,,,,,,,,,,,,,,,,,,,,,,,,,,,,,,,,,,,,,,,,,,,,,,,,,,,,,,,,,,,,,,,,,,,,,,,,,,,,,,,,,,,,,,,,,,,,,,,,,,,,,,,,,,,,,,,,,,,,,,,,,,,,,,,,,,,,,,,,,,,,,,,,,,,,,,,,,,,,,,,,,,,,,,,,,,,,,,,,,,,,,,,,,,,,,,,,,,,,,,,,,,,,,,,,,,,,,,,,,,,,,,,,,,,,,,,,,,,,,,,,,,,,,,,,,,,,,,,,,,,,,,,,,,,,,,,,,,,,,,,,,,,,,,,,,,,,,,,,,,,,,,,,,,,,,,,,,,,,,,,,,,,,,,,,,,,,,,,,,,,,,,,,,,,,,,,,,,,,,,,,,,,,,,,,,,,,,,,,,,,,,,,,,,,,,,,,,,,,,,,,,,,,,,,,,,,,,,,,,,,,,,,,,,,,,,,,,,,,,,,,,,,,,,,,,,,,,,,,,,,,,,,,,,,,,,,,,,,,,,,,,,,,,,,,,,,,,,,,,,,,,,,,,,,,,,,,,,,,,,,,,,,,,,,,,,,,,,,,,,,,
73,,,,,,,,,,,,,,,,,,,,,,,,,,,,,,,,,,,,,,,,,,,,,,,,,,,,,,,,,,,,,,,,,,,,,,,,,,,,,,,,,,,,,,,,,,,,,,,,,,,,,,,,,,,,,,,,,,,,,,,,,,,,,,,,,,,,,,,,,,,,,,,,,,,,,,,,,,,,,,,,,,,,,,,,,,,,,,,,,,,,,,,,,,,,,,,,,,,,,,,,,,,,,,,,,,,,,,,,,,,,,,,,,,,,,,,,,,,,,,,,,,,,,,,,,,,,,,,,,,,,,,,,,,,,,,,,,,,,,,,,,,,,,,,,,,,,,,,,,,,,,,,,,,,,,,,,,,,,,,,,,,,,,,,,,,,,,,,,,,,,,,,,,,,,,,,,,,,,,,,,,,,,,,,,,,,,,,,,,,,,,,,,,,,,,,,,,,,,,,,,,,,,,,,,,,,,,,,,,,,,,,,,,,,,,,,,,,,,,,,,,,,,,,,,,,,,,,,,,,,,,,,,,,,,,,,,,,,,,,,,,,,,,,,,,,,,,,,,,,,,,,,,,,,,,,,,,,,,,,,,,,,,,,,,,,,,,,,,,,,,,,,,,,,,,,,,,,,,,,,,,,,,,,,,,,,,,,,,,,,,,,,,,,,,,,,,,,,,,,,,,,,,,,,,,,,,,,,,,,,,,,,,,,,,,,,,,,,,,,,,,,,,,,,,,,,,,,,,,,,,,,,,,,,,,,,,,,,,,,,,,,,,,,,,,,,,,,,,,,,,,,,,,,,,,,,,,,,,,,,,,,,,,,,,,,,,,,,,,,,,,,,,,,,,,,,,,,,,,,,,,,,,,,,,,,,,,,,
74,,,,,,,,,,,,,,,,,,,,,,,,,,,,,,,,,,,,,,,,,,,,,,,,,,,,,,,,,,,,,,,,,,,,,,,,,,,,,,,,,,,,,,,,,,,,,,,,,,,,,,,,,,,,,,,,,,,,,,,,,,,,,,,,,,,,,,,,,,,,,,,,,,,,,,,,,,,,,,,,,,,,,,,,,,,,,,,,,,,,,,,,,,,,,,,,,,,,,,,,,,,,,,,,,,,,,,,,,,,,,,,,,,,,,,,,,,,,,,,,,,,,,,,,,,,,,,,,,,,,,,,,,,,,,,,,,,,,,,,,,,,,,,,,,,,,,,,,,,,,,,,,,,,,,,,,,,,,,,,,,,,,,,,,,,,,,,,,,,,,,,,,,,,,,,,,,,,,,,,,,,,,,,,,,,,,,,,,,,,,,,,,,,,,,,,,,,,,,,,,,,,,,,,,,,,,,,,,,,,,,,,,,,,,,,,,,,,,,,,,,,,,,,,,,,,,,,,,,,,,,,,,,,,,,,,,,,,,,,,,,,,,,,,,,,,,,,,,,,,,,,,,,,,,,,,,,,,,,,,,,,,,,,,,,,,,,,,,,,,,,,,,,,,,,,,,,,,,,,,,,,,,,,,,,,,,,,,,,,,,,,,,,,,,,,,,,,,,,,,,,,,,,,,,,,,,,,,,,,,,,,,,,,,,,,,,,,,,,,,,,,,,,,,,,,,,,,,,,,,,,,,,,,,,,,,,,,,,,,,,,,,,,,,,,,,,,,,,,,,,,,,,,,,,,,,,,,,,,,,,,,,,,,,,,,,,,,,,,,,,,,,,,,,,,,,,,,,,,,,,,,,,,,,,,,,,,,,
75,,,,,,,,,,,,,,,,,,,,,,,,,,,,,,,,,,,,,,,,,,,,,,,,,,,,,,,,,,,,,,,,,,,,,,,,,,,,,,,,,,,,,,,,,,,,,,,,,,,,,,,,,,,,,,,,,,,,,,,,,,,,,,,,,,,,,,,,,,,,,,,,,,,,,,,,,,,,,,,,,,,,,,,,,,,,,,,,,,,,,,,,,,,,,,,,,,,,,,,,,,,,,,,,,,,,,,,,,,,,,,,,,,,,,,,,,,,,,,,,,,,,,,,,,,,,,,,,,,,,,,,,,,,,,,,,,,,,,,,,,,,,,,,,,,,,,,,,,,,,,,,,,,,,,,,,,,,,,,,,,,,,,,,,,,,,,,,,,,,,,,,,,,,,,,,,,,,,,,,,,,,,,,,,,,,,,,,,,,,,,,,,,,,,,,,,,,,,,,,,,,,,,,,,,,,,,,,,,,,,,,,,,,,,,,,,,,,,,,,,,,,,,,,,,,,,,,,,,,,,,,,,,,,,,,,,,,,,,,,,,,,,,,,,,,,,,,,,,,,,,,,,,,,,,,,,,,,,,,,,,,,,,,,,,,,,,,,,,,,,,,,,,,,,,,,,,,,,,,,,,,,,,,,,,,,,,,,,,,,,,,,,,,,,,,,,,,,,,,,,,,,,,,,,,,,,,,,,,,,,,,,,,,,,,,,,,,,,,,,,,,,,,,,,,,,,,,,,,,,,,,,,,,,,,,,,,,,,,,,,,,,,,,,,,,,,,,,,,,,,,,,,,,,,,,,,,,,,,,,,,,,,,,,,,,,,,,,,,,,,,,,,,,,,,,,,,,,,,,,,,,,,,,,,,,,,,,,
76,,,,,,,,,,,,,,,,,,,,,,,,,,,,,,,,,,,,,,,,,,,,,,,,,,,,,,,,,,,,,,,,,,,,,,,,,,,,,,,,,,,,,,,,,,,,,,,,,,,,,,,,,,,,,,,,,,,,,,,,,,,,,,,,,,,,,,,,,,,,,,,,,,,,,,,,,,,,,,,,,,,,,,,,,,,,,,,,,,,,,,,,,,,,,,,,,,,,,,,,,,,,,,,,,,,,,,,,,,,,,,,,,,,,,,,,,,,,,,,,,,,,,,,,,,,,,,,,,,,,,,,,,,,,,,,,,,,,,,,,,,,,,,,,,,,,,,,,,,,,,,,,,,,,,,,,,,,,,,,,,,,,,,,,,,,,,,,,,,,,,,,,,,,,,,,,,,,,,,,,,,,,,,,,,,,,,,,,,,,,,,,,,,,,,,,,,,,,,,,,,,,,,,,,,,,,,,,,,,,,,,,,,,,,,,,,,,,,,,,,,,,,,,,,,,,,,,,,,,,,,,,,,,,,,,,,,,,,,,,,,,,,,,,,,,,,,,,,,,,,,,,,,,,,,,,,,,,,,,,,,,,,,,,,,,,,,,,,,,,,,,,,,,,,,,,,,,,,,,,,,,,,,,,,,,,,,,,,,,,,,,,,,,,,,,,,,,,,,,,,,,,,,,,,,,,,,,,,,,,,,,,,,,,,,,,,,,,,,,,,,,,,,,,,,,,,,,,,,,,,,,,,,,,,,,,,,,,,,,,,,,,,,,,,,,,,,,,,,,,,,,,,,,,,,,,,,,,,,,,,,,,,,,,,,,,,,,,,,,,,,,,,,,,,,,,,,,,,,,,,,,,,,,,,,,,,,,,